Dummy,dummy
主动脉,主动脉
主动脉瓣,主动脉瓣
肺动脉,肺动脉
肺动脉瓣,肺动脉瓣
升主动脉,升主动脉
升主动脉,主动脉升部
升主动脉,上行织脉
升主动脉,上行支大动脉
降主动脉,降主动脉
降主动脉,主动脉降部
降主动脉,下行织脉
降主动脉,下行支大动脉
主动脉弓,主动脉弓
主动脉弓,织脉弓
主动脉弓,弓动脉
主动脉弓,主动脉弓部
上主动脉瓣区,上主动脉瓣区
上主动脉瓣区,主动脉根部
上主动脉瓣区,主动脉根
腹主动脉,腹主动脉
房间隔,房间隔
房间隔,心房间隔
房间隔,心房中隔
室间隔,室间隔
室间隔,心室间隔
室间隔,心室中隔
心脏卵圆孔,心脏卵圆孔
心脏卵圆孔,卵圆孔
左心房,左心房
左心房,左房
左心耳,左心耳
右心房,右心房
右心房,右房
二尖瓣,二尖瓣
二尖瓣,僧帽瓣
二尖瓣前叶,二尖瓣前叶
三尖瓣,三尖瓣
冠状窦,冠状窦
冠状窦,冠状静脉窦
冠状窦,冠窦
冠状窦瓣,冠状窦瓣
冠状窦瓣,冠状瓣
冠状窦瓣,冠瓣
心尖,心尖
心包,心包
心包腔,心包腔
希阿里氏网,希阿里氏网
希阿里氏网,chiari氏网
下腔静脉瓣,下腔静脉瓣
下腔静脉瓣,下腔静脉瓣
下腔静脉瓣,腔静脉瓣
下腔静脉瓣,欧氏瓣
下腔静脉,下腔静脉
左心室,左心室
左心室,左心室腔
左心室,左室腔
左心室,左室
右心室,右心室
右心室,右心室腔
右心室,右室腔
右心室,右室
肺部大静脉,肺部大静脉
冠状动脉,冠状动脉
冠状动脉,冠脉
左侧冠状动脉,左侧冠状动脉
左侧冠状动脉,左冠状动脉
左侧冠状动脉,左冠脉
左侧冠状动脉,左冠
右侧冠状动脉,右侧冠状动脉
右侧冠状动脉,右冠状动脉
右侧冠状动脉,右冠脉
右侧冠状动脉,右冠
左上肺静脉,左上肺静脉
无名静脉,无名静脉
无名静脉,头臂静脉
上腔静脉造影,上腔静脉造影
上腔静脉造影,上腔静脉荧光造影术
右肺静脉,右肺静脉
右肺静脉,肺右静脉
右肺静脉,右侧肺静脉
左肺静脉,左肺静脉
左肺静脉,肺左静脉
左肺静脉,左侧肺静脉
大动脉,大动脉
心脏,心脏
心脏,全心
右侧心脏,右侧心脏
右侧心脏,右心
右侧心脏,右心腔
左侧心脏,左侧心脏
左侧心脏,左心
左侧心脏,左心腔
动脉导管,动脉导管
锁骨下动脉,锁骨下动脉
共同动脉干瓣,共同动脉干瓣
半月瓣,半月瓣
胸腔,胸腔
颈总动脉,颈总动脉
左侧颈总动脉,左侧颈总动脉
左侧颈总动脉,左颈总动脉
右侧颈总动脉,右侧颈总动脉
右侧颈总动脉,右颈总动脉
颈内动脉,颈内动脉
左侧颈动脉,左侧颈动脉
左侧颈动脉,左颈动脉
右侧颈动脉,右侧颈动脉
右侧颈动脉,右颈动脉
椎动脉,椎动脉
椎动脉,椎动脉
左侧椎动脉,左侧椎动脉
左侧椎动脉,左椎动脉
右侧椎动脉,右侧椎动脉
右侧椎动脉,右椎动脉
颈动脉,颈动脉
股总动脉,股总动脉
股浅动脉,股浅动脉
腘动脉,腘动脉
胫前动脉,胫前动脉
胫后动脉,胫后动脉
房室瓣,房室瓣
髂总静脉,髂总静脉
右侧髂总静脉,右侧髂总静脉
右侧髂总静脉,右髂总静脉
左侧髂总静脉,左侧髂总静脉
左侧髂总静脉,左髂总静脉
髂外静脉,髂外静脉
髂内静脉,髂内静脉
右肾动脉,右肾动脉
左肾动脉,左肾动脉
肝静脉,肝静脉
腔静脉,腔静脉
心脏卵圆窝,心脏卵圆窝
心脏卵圆窝,卵圆窝
解剖或后天身体结构,解剖或后天身体结构
解剖结构,解剖结构
人体系统,人体系统
人体区域,人体区域
人体部位,人体部位
人体器官,人体器官
人体组织,人体组织
上半身,上半身
上半身,上身
上半身部分,上半身部分
器官部分,器官部分
软组织,软组织
躯干,躯干
躯干区域细分,躯干区域细分
下半身,下半身
下半身,下身
下半身部分,下半身部分
颈部和[或]胸部和[或]腹部和[或]骨盆,颈部和或胸部和或腹部和或骨盆
头颈部,头颈部
颈部和[或]胸部和[或]腹部,颈部和或胸部和或腹部
肢体,肢体
四肢部分,四肢部分
胸部和[或]腹部和[或]骨盆,胸部和或腹部和或骨盆
头颅,头颅
头部,头部
胸部和[或]腹部,胸部和或腹部
下躯干,下躯干
骨盆和[或]下肢,骨盆和或下肢
颈部和[或]胸部,颈部和或胸部
解剖学集合,解剖学集合
解剖学腔隙,解剖学腔隙
神经系统,神经系统
心血管系统,心血管系统
间隔室,间隔室
间隔室,体室
腹部和[或]骨盆,腹部和或骨盆
躯干腹段,躯干腹段
半身外侧至中矢状面,半身外侧至中矢状面
下肢,下肢
下肢,腿
上躯干,上躯干
下肢部分,下肢部分
面部和[或]颈部,面部和或颈部
解剖学空间,解剖学空间
腹部,腹部
心血管区域,心血管区域
心血管区域,心血管区
血管,血管
下肢区域,下肢区域
下肢区域,下肢区
胸部,胸部
内脏,内脏
内脏,脏器
内脏,腑脏
内脏,脏腑
自由下肢,自由下肢
血管区域,血管区域
血管区域,血管区
消化系统,消化系统
躯干骨盆区域,躯干骨盆区域
躯干骨盆区域,躯干骨盆区
头部外侧至中矢状面,头部外侧至中矢状面
背部，包括颈后部,背部包括颈后部
中枢神经系统,中枢神经系统
腹部腔室,腹部腔室
背部区域,背部区域
背部区域,背区
消化器官,消化器官
背部椎体区,背部椎体区
背部椎体区,背脊
躯干心血管,躯干心血管
颅腔,颅腔
颅内,颅内
颅内,头盖骨内
全身循环系统,全身循环系统
泌尿生殖系统,泌尿生殖系统
外周血管系统,外周血管系统
外周血管系统,周围血管系统
腹部器官,腹部器官
腹部器官,腹内器官
腹部内脏,腹部内脏
腹部内脏,腹部脏器
腹部内脏,腹内脏器
动脉系统,动脉系统
动脉,动脉
骨盆,骨盆
骨盆,盆腔
头皮和[或]颈部,头皮和或颈部
胸室,胸室
颈部,颈部
颈部,脖颈
泌尿生殖系统细分,泌尿生殖系统细分
肺和[或]纵隔,肺和或纵隔
呼吸系统和[或]胸腔,呼吸系统和或胸腔
呼吸系统,呼吸系统
全身血管,全身血管
全身动脉,全身动脉
非冠状动脉动脉系统,非冠状动脉动脉系统
静脉系统,静脉系统
躯干血管,躯干血管
腹室,腹室
静脉,静脉
腹部特有脏器,腹部特有脏器
非冠状动脉非主动脉动脉系统,非冠状动脉非主动脉动脉系统
胸部内脏,胸部内脏
胸部内脏,胸部脏器
胸内心血管,胸内心血管
纵隔,纵隔
纵隔,纵膈
全身静脉,全身静脉
器官空腔,器官空腔
心血管器官,心血管器官
腹内消化器官,腹内消化器官
妊娠产物,妊娠产物
发育中身体结构,发育中身体结构
躯干外侧至中矢状面,躯干外侧至中矢状面
心脏和心包,心脏和心包
头部和[或]颈部血管,头部和或颈部血管
心脏部分,心脏部分
右半身,右半身
右半身,身体右半侧
右半身,身体右侧
右半身,右侧身体
右半身,右半侧身体
右半身,躯体右半侧
右半身,躯体右侧
右半身,右侧躯体
右半身,右半侧躯体
左半身,左半身
左半身,身体左半侧
左半身,身体左侧
左半身,左侧身体
左半身,左半侧身体
左半身,躯体左半侧
左半身,躯体左侧
左半身,左侧躯体
左半身,左半侧躯体
胚胎,胚胎
躯干动脉,躯干动脉
中枢神经系统部分,中枢神经系统部分
右心房支流,右心房支流
右心房支流,右心房支
右心房支流,右房支
腹盆腔血管,腹盆腔血管
腹盆腔血管,腹腔盆腔血管
胚胎特有结构,胚胎特有结构
头部血管,头部血管
心脏内部,心脏内部
心脏内部,心内
颈部部分,颈部部分
胸部和[或]腹部动脉,胸部和或腹部动脉
泌尿系统,泌尿系统
浆液性囊,浆液性囊
浆液性囊,浆液囊
头部、颈部和[或]脑部动脉,头部颈部和或脑部动脉
颈背区域,颈背区域
颈背区域,颈背区
胸外侧至中矢状面,胸外侧至中矢状面
躯干静脉,躯干静脉
肢体血管,肢体血管
颈背区椎体,颈背区椎体
上腔静脉支流,上腔静脉支流
上腔静脉支流,上腔静脉支
腹部血管,腹部血管
肺组织包括血管和淋巴组织,肺组织包括血管和淋巴组织
心腔,心腔
头部动脉,头部动脉
腹膜后室,腹膜后室
小腿,小腿
右侧躯干,右侧躯干
右侧躯干,右躯干
右侧躯干,躯干右侧
左侧躯干,左侧躯干
左侧躯干,左躯干
左侧躯干,躯干左侧
器官血管,器官血管
肝脏和[或]胆囊,肝脏和或胆囊
躯干静脉系统,躯干静脉系统
肾和[或]输尿管,肾和或输尿管
腹内泌尿器官,腹内泌尿器官
脑血管系统,脑血管系统
颅内血管,颅内血管
颅内血管,脑血管
胸部动脉,胸部动脉
四肢动脉,四肢动脉
下肢血管,下肢血管
胸内血管,胸内血管
躯干动脉系统,躯干动脉系统
肝脏,肝脏
肝脏,肝
肾脏,肾脏
肾脏,肾
肾脏,双肾
盆腔血管,盆腔血管
腹部动脉,腹部动脉
腹部器官血管,腹部器官血管
腹部外侧至中矢状面,腹部外侧至中矢状面
颈动脉和[或]脑和[或]锁骨下结构,颈动脉和或脑和或锁骨下结构
血管部分,血管部分
心室,心室
心室,心室腔
腹内动脉,腹内动脉
心脏瓣膜,心脏瓣膜
心脏瓣膜,心瓣膜
心脏瓣膜,心脏瓣膜
心脏瓣膜,各瓣膜
盆腔和腿部静脉,盆腔和腿部静脉
颅外动脉和颅内动脉,颅外动脉和颅内动脉
右胸,右胸
右胸,右侧胸部
右胸,胸部右侧
右胸,胸右侧
颅内动脉,颅内动脉
胸部静脉,胸部静脉
左胸,左胸
左胸,左侧胸部
左胸,胸部左侧
左胸,胸左侧
血管类型,血管类型
动脉部分,动脉部分
胚胎心血管,胚胎心血管
大血管(器官),大血管器官
右侧头部,右侧头部
右侧头部,头部右侧
右侧头部,头右侧
左侧头部,左侧头部
左侧头部,头部左侧
左侧头部,头左侧
下腔静脉支流,下腔静脉支流
下腔静脉支流,下腔静脉支
静脉类型,静脉类型
下肢动脉,下肢动脉
肺血管,肺血管
肺血管,肺部血管
颈部血管,颈部血管
颈部血管,颈血管
胚胎血管,胚胎血管
腹部静脉,腹部静脉
腹部静脉,腹静脉
纵隔动脉,纵隔动脉
纵隔动脉,纵膈动脉
腹主动脉分支,腹主动脉分支
腹主动脉分支,腹主动脉支
大血管,大血管
右半腹,右半腹
右半腹,右侧腹部
右半腹,腹部右侧
右半腹,右腹
髂总静脉支流,髂总静脉支流
髂总静脉支流,髂总静脉支
左半腹,左半腹
左半腹,左侧腹部
左半腹,腹部左侧
左半腹,左腹
心房,心房
心房,房腔
骨盆静脉,骨盆静脉
骨盆静脉,盆腔静脉
颈部动脉,颈部动脉
下肢远端动脉,下肢远端动脉
肾脏血管,肾脏血管
肾脏血管,肾血管
体腔,体腔
腹部静脉系统,腹部静脉系统
胚胎动脉,胚胎动脉
体腔细分,体腔细分
浆液腔,浆液腔
浆液腔,浆膜腔
脑前动脉,脑前动脉
心肺循环系统,心肺循环系统
主动脉部分,主动脉部分
心肺循环系统静脉部分,心肺循环系统静脉部分
浆液囊腔,浆液囊腔
浆液囊腔,浆膜囊腔
胸主动脉分支,胸主动脉分支
胸主动脉分支,胸主动脉支
肺静脉,肺静脉
肺静脉,肺部静脉
心间隔,心间隔
心间隔,心脏间隔
心间隔,房室间隔
脊柱血管,脊柱血管
内脏静脉,内脏静脉
胸内动脉系统,胸内动脉系统
胸内静脉系统,胸内静脉系统
心脏表面特征,心脏表面特征
颈外侧至中矢状面,颈外侧至中矢状面
锁骨下动脉分支,锁骨下动脉分支
锁骨下动脉分支,锁骨下动脉支
胸主动脉,胸主动脉
腹主动脉外侧支,腹主动脉外侧支
腹主动脉外侧支,腹主动脉外支
肝血管,肝血管
肝血管,肝脏血管
心脏瓣膜小叶,心脏瓣膜小叶
心脏静脉,心脏静脉
心脏静脉,心静脉
肌型静脉,肌型静脉
髂血管,髂血管
腘动脉分支,腘动脉分支
腘动脉分支,腘动脉支
胸主动脉上分支,胸主动脉上分支
胸主动脉上分支,胸主动脉上支
股血管,股血管
右侧头部、颈部和[或]脑动脉,右侧头部颈部和或脑动脉
左侧头部、颈部和[或]脑动脉,左侧头部颈部和或脑动脉
静脉部分,静脉部分
小腿动脉,小腿动脉
心缘,心缘
心包囊,心包囊
心包囊,围心囊
右半颈,右半颈
右半颈,右侧颈部
右半颈,颈部右侧
右半颈,颈右侧
左半颈,左半颈
左半颈,左侧颈部
左半颈,颈部左侧
左半颈,颈左侧
肾动脉,肾动脉
肾动脉,肾脏动脉
股动脉,股动脉
颈椎血管,颈椎血管
腘血管,腘血管
腘血管,腘窝血管
胫血管,胫血管
胫血管,胫骨血管
右肾,右肾
右肾,右侧肾脏
右肾,右侧肾
左肾,左肾
左肾,左侧肾脏
左肾,左侧肾
头臂动脉分支,头臂动脉分支
头臂动脉分支,头臂动脉支
髂静脉,髂静脉
胫动脉,胫动脉
胫动脉,胫骨动脉
二尖瓣小叶,二尖瓣小叶
二尖瓣小叶,二尖瓣瓣叶
二尖瓣小叶,二尖瓣叶
心耳,心耳
静脉瓣,静脉瓣
身体结构,身体结构
人工心脏瓣膜,人工心脏瓣膜
人工心脏瓣膜,人造心脏瓣膜
人工心脏瓣膜,人工瓣
人工心脏瓣膜,人工瓣膜
人工心脏瓣膜,人造瓣膜
机械心脏瓣膜,机械心脏瓣膜
机械心脏瓣膜,机械瓣膜
机械心脏瓣膜,机械瓣
人工主动脉瓣,人工主动脉瓣
人工主动脉瓣,人造主动脉瓣
人工肺动脉瓣,人工肺动脉瓣
人工肺动脉瓣,人造肺动脉瓣
人工二尖瓣,人工二尖瓣
人工二尖瓣,人造二尖瓣
人工三尖瓣,人工三尖瓣
人工三尖瓣,人造三尖瓣
生物瓣膜,生物瓣膜
生物瓣膜,生物瓣
自体生物瓣膜,自体生物瓣膜
自体生物瓣膜,自体生物瓣
自体生物瓣膜,自体瓣
起搏器导管,起搏器导管
心导管,心导管
心导管,心脏导管
起搏导线,起搏导线
起搏导线,起搏器电极导线
起搏导线,起搏器导线
封堵器,封堵器
补片,补片
心房水平,心房水平
心房水平,心房间
心房水平,房水平
心房水平,心房水平
心室水平,心室水平
心室水平,心室间
心室水平,室水平
心室水平,心室水平
动脉水平,动脉水平
主动脉窦瘤,主动脉窦瘤
主动脉窦瘤,乏氏窦瘤
主动脉窦瘤,乏氏窦
主动脉窦瘤,伐氏窦瘤
主动脉窦瘤,伐氏窦
主动脉窦瘤,valsalva氏窦
主动脉窦瘤,valsalva氏窦瘤
卵圆孔未闭,卵圆孔未闭
房间隔缺损,房间隔缺损
房间隔缺损,心房间隔缺损
房间隔缺损,心房中隔缺损
房间隔缺损,房缺
房间隔膨胀瘤,房间隔膨胀瘤
房间隔膨胀瘤,房间隔瘤
肥厚型心肌病,肥厚型心肌病
肥厚型心肌病,肥厚性心肌病
肥厚型心肌病,肥大型心肌病
风湿性二尖瓣狭窄,风湿性二尖瓣狭窄
风湿性二尖瓣狭窄,风心二狭
动脉导管未闭,动脉导管未闭
大血管转位,大血管转位
大血管转位,大血管移位
大血管转位,大血管异位
大血管转位,心室动脉连接不协调
法洛氏四联症,法洛氏四联症
法洛氏四联症,法乐氏四联症
法洛氏四联症,法洛四联症
法洛氏四联症,法乐四联症
法洛氏四联症,法鲁四联症
法洛氏四联症,法四
毛细血管性肺动脉高压,毛细血管性肺动脉高压
心肌梗死,心肌梗死
心肌梗死,心肌梗塞
心肌梗死,心梗
高血压性心脏病,高血压性心脏病
高血压性心脏病,高血压心脏病
主动脉瓣反流,主动脉瓣反流
主动脉瓣反流,主动脉瓣返流
主动脉瓣狭窄,主动脉瓣狭窄
左心室肥大,左心室肥大
左心室肥大,左室肥厚
左心室肥大,左心室肥大
左心室肥大,左室肥大
室间隔缺损,室间隔缺损
室间隔缺损,心室间隔缺损
室间隔缺损,心室中膈缺损
室间隔缺损,室缺
左心室流出道梗阻,左心室流出道梗阻
左心室流出道梗阻,左室流出道梗阻
左心室流出道梗阻,左心室流出道阻塞
左心室流出道梗阻,左室流出道阻塞
二尖瓣脱垂,二尖瓣脱垂
二尖瓣前叶脱垂,二尖瓣前叶脱垂
二尖瓣后叶脱垂,二尖瓣后叶脱垂
二尖瓣反流,二尖瓣反流
二尖瓣反流,二尖瓣返流
左心房肥大,左心房肥大
左心房肥大,左房肥厚
左心房肥大,左心房肥大
左心房肥大,左房肥大
肺动脉瓣狭窄,肺动脉瓣狭窄
右心室肥大,右心室肥大
右心室肥大,右室肥厚
右心室肥大,右心室肥大
右心室肥大,右室肥大
三尖瓣反流,三尖瓣反流
三尖瓣反流,三尖瓣返流
先天性心脏病,先天性心脏病
先天性心脏病,先心
先天性心脏病,先心病
肺静脉畸形引流,肺静脉畸形引流
肺静脉畸形引流,肺静脉异位引流
肺静脉畸形引流,肺静脉回流异常
肺静脉畸形引流,肺静脉连接异常
肺静脉畸形引流,肺静脉异位连接
先天性肺血管异常,先天性肺血管异常
先天性肺血管异常,先天性肺血管畸形
先天性肺血管异常,先天性肺血管发育畸形
先天性肺血管异常,先天性肺血管连接异常
肺动静脉瘘,肺动静脉瘘
肺动静脉瘘,肺动静脉瘘
肺动静脉瘘,肺动脉静脉瘘
肺动静脉瘘,肺动脉静脉瘘
肺动静脉瘘,肺动脉肺静脉瘘
法洛三联症,法洛三联症
法洛三联症,法乐氏三联症
法洛三联症,法洛三联症
法洛三联症,法乐三联症
法洛三联症,法鲁三联症
右心室双心腔,右心室双心腔
右心室双心腔,右室双心腔
右心室双心腔,双腔右心室
风湿性心脏病,风湿性心脏病
风湿性心脏病,风心
完全型大动脉转位,完全型大动脉转位
完全型大动脉转位,完全性大动脉转位
完全型大动脉转位,完全大动脉转位
完全型大动脉转位,大动脉完全性转位
完全型大动脉转位,完全性大动脉异位
完全型大动脉转位,完全大动脉异位
完全型大动脉转位,大动脉完全性异位
大动脉转位,大动脉转位
大动脉转位,大动脉异位
共同动脉干,共同动脉干
右心室双出口,右心室双出口
右心室双出口,右室双出口
右心室双出口,taussigbing综合征
矫正型大动脉转位,矫正型大动脉转位
矫正型大动脉转位,矫正性大动脉转位
矫正型大动脉转位,矫正大动脉转位
矫正型大动脉转位,大动脉矫正性转位
矫正型大动脉转位,矫正性大动脉异位
矫正型大动脉转位,矫正大动脉异位
矫正型大动脉转位,大动脉矫正性异位
矫正型大动脉转位,纠正型大动脉转位
矫正型大动脉转位,纠正性大动脉转位
矫正型大动脉转位,纠正大动脉转位
矫正型大动脉转位,大动脉纠正性转位
矫正型大动脉转位,纠正性大动脉异位
矫正型大动脉转位,纠正大动脉异位
矫正型大动脉转位,大动脉纠正性异位
单心室,单心室
单心室,共同心室
单心室,总心室
左心发育不良综合征,左心发育不良综合征
左心发育不良综合征,左心发育不全综合征
动脉粥样硬化,动脉粥样硬化
动脉粥样硬化,动脉硬化
急性心肌梗死,急性心肌梗死
急性心肌梗死,急性心梗
陈旧性心肌梗死,陈旧性心肌梗死
急性发热性皮肤粘膜淋巴结综合征,急性发热性皮肤粘膜淋巴结综合征
急性发热性皮肤粘膜淋巴结综合征,川崎病
急性发热性皮肤粘膜淋巴结综合征,kawasaki病
心律失常,心律失常
扩张型心肌病,扩张型心肌病
扩张型心肌病,扩张性心肌病
扩张型心肌病,扩心病
限制型心肌病,限制型心肌病
限制型心肌病,限制性心肌病
酒精性心肌病,酒精性心肌病
中毒性心肌炎,中毒性心肌炎
病毒性心肌炎,病毒性心肌炎
缩窄性心包炎,缩窄性心包炎
胸主动脉瘤,胸主动脉瘤
肺栓塞,肺栓塞
肺栓塞,肺动脉栓塞
右心功能降低,右心功能降低
右心功能降低,右心功能不全
右心功能降低,右心功能衰竭
右心功能降低,右心衰
肺心病,肺心病
肺心病,肺源性心脏病
大动脉炎,大动脉炎
大动脉炎,高安氏病
心内膜垫缺损,心内膜垫缺损
三房心,三房心
左室舒张功能降低,左室舒张功能降低
左室舒张功能降低,左室舒张功能不全
心内膜炎,心内膜炎
根据身体部位的疾病分类,根据身体部位的疾病分类
根据身体系统的疾病分类,根据身体系统的疾病分类
躯干疾病,躯干疾病
软组织病症,软组织病症
软组织病症,软组织紊乱
软组织病症,软组织疾病
软组织病症,软组织病
创伤性和[或]非创伤性损伤,创伤性和或非创伤性损伤
根据解剖部位的创伤性和[或]非创伤性损伤分类,根据解剖部位的创伤性和或非创伤性损伤分类
先天性疾病,先天性疾病
先天性疾病,先天病
软组织病变,软组织病变
软组织病变,软组织损伤
躯干胸段疾病,躯干胸段疾病
躯干胸段疾病,胸干段紊乱躯干胸段病症
先天性畸形,先天性畸形
先天性畸形,先天畸形
心血管系统疾病,心血管系统疾病
心血管系统疾病,心血管系统紊乱
心血管系统疾病,心血管系统病症
心血管系统疾病,循环系统疾病
心血管系统疾病,循环系统病症
胸部疾病,胸部疾病
呼吸系统疾病,呼吸系统疾病
呼吸系统疾病,呼吸系统紊乱
呼吸系统疾病,呼吸系统病症
血管疾病,血管疾病
血管疾病,血管紊乱
血管疾病,血管病症
纵隔疾病,纵隔疾病
纵隔疾病,纵隔紊乱
心脏疾病,心脏疾病
心脏疾病,心脏病
先天性躯干异常,先天性躯干异常
结构性心脏病,结构性心脏病
结构性心脏病,心脏结构紊乱
结构性心脏病,心脏结构异常
结构性心脏病,心脏结构畸形
动脉病症,动脉病症
动脉病症,动脉紊乱
动脉病症,动脉疾病
周围血管疾病,周围血管疾病
周围血管疾病,外周血管疾病
周围血管疾病,末梢血管疾病
周围血管疾病,外周血管病
周围血管疾病,外周血管性疾病
先天性心血管系统异常,先天性心血管系统异常
先天性上躯干异常,先天性上躯干异常
先天性胸部异常,先天性胸部异常
先天性躯干心血管结构异常,先天性躯干心血管结构异常
非冠状动脉系统动脉疾病,非冠状动脉系统动脉疾病
静脉病症,静脉病症
静脉病症,静脉紊乱
心脏瓣膜疾病,心脏瓣膜疾病
心脏瓣膜疾病,心脏瓣膜紊乱
心脏瓣膜疾病,心瓣膜疾病
心脏瓣膜疾病,心瓣膜病症
心脏瓣膜疾病,心瓣膜紊乱
先天性血管疾病,先天性血管疾病
胸部血管疾病,胸部血管疾病
先天性血管畸形,先天性血管畸形
根据解剖部位分类的坏疽,根据解剖部位分类的坏疽
胚胎结构疾病,胚胎结构疾病
心室疾病,心室疾病
心室疾病,心室紊乱
心室疾病,心室病症
心肌疾病,心肌疾病
心肌疾病,心肌病变
心肌疾病,心肌病损
动脉畸形,动脉畸形
瘘(疾病),瘘疾病
肺循环障碍,肺循环障碍
肺循环障碍,肺循环疾病
肺循环障碍,肺循环病症
先天性呼吸系统畸形,先天性呼吸系统畸形
先天性呼吸系统畸形,先天性呼吸系统畸形
主动脉病症,主动脉病症
主动脉病症,主动脉紊乱
主动脉病症,主动脉疾病
感染后疾病,感染后疾病
感染后疾病,感染后疾病
胸主动脉异常,胸主动脉异常
胸主动脉异常,胸主动脉异常
先天性全身动脉异常,先天性全身动脉异常
先天性全身动脉异常,先天性全身动脉畸形
先天性外周血管异常,先天性外周血管异常
先天性外周血管异常,先天性外周血管畸形
先天性外周血管异常,先天性周围血管异常
先天性外周血管异常,先天性周围血管畸形
先天性外周血管异常,先天性末梢血管异常
先天性外周血管异常,先天性末梢血管畸形
动脉瘤(疾病),动脉瘤疾病
心功能障碍,心功能障碍
心功能障碍,心功能紊乱
心功能障碍,心功能不全
心功能障碍,心脏功能障碍
心功能障碍,心脏功能紊乱
心功能障碍,心脏功能不全
静脉畸形,静脉畸形
静脉畸形,静脉形态异常
先天性静脉畸形,先天性静脉畸形
先天性静脉畸形,先天性静脉形态异常
主动脉瓣疾病,主动脉瓣疾病
主动脉瓣疾病,主动脉瓣病症
主动脉瓣疾病,主动脉瓣紊乱
先天性主动脉异常,先天性主动脉异常
先天性主动脉异常,先天性主动脉畸形
先天性主动脉异常,先天性主动脉形态异常
心肌病,心肌病
心肌病,心肌症
心肌病,心肌病症
心肌病,心肌营养不良
主动脉瓣异常,主动脉瓣异常
主动脉瓣异常,主动脉畸形
左心室疾病,左心室疾病
左心室疾病,左心室紊乱
左心室疾病,左心室病症
左心室疾病,左室疾病
左心室疾病,左室紊乱
左心室疾病,左室病症
二尖瓣疾病,二尖瓣疾病
二尖瓣疾病,二尖瓣紊乱
二尖瓣疾病,二尖瓣病变
二尖瓣疾病,二尖瓣病症
右心室疾病,右心室疾病
右心室疾病,右心室紊乱
右心室疾病,右心室病症
右心室疾病,右室疾病
右心室疾病,右室紊乱
右心室疾病,右室病症
缺血性心脏病,缺血性心脏病
缺血性心脏病,心肌缺血
左心室异常,左心室异常
左心室异常,左心室畸形
左心室异常,左室异常
左心室异常,左室畸形
肺动脉瓣疾病,肺动脉瓣疾病
肺动脉瓣疾病,肺动脉紊乱
肺动脉瓣疾病,肺动脉瓣病症
肺动脉瓣异常,肺动脉瓣异常
肺动脉瓣异常,肺动脉瓣异常
肺动脉瓣异常,肺动脉畸形
系统性高血压病的并发症,系统性高血压病的并发症
系统性高血压病的并发症,高血压病并发症
心瓣膜狭窄,心瓣膜狭窄
心瓣膜狭窄,心脏瓣膜狭窄
三尖瓣疾病,三尖瓣疾病
三尖瓣疾病,三尖瓣紊乱
三尖瓣疾病,三尖瓣病症
右心室异常,右心室异常
右心室异常,右心室畸形
右心室异常,右室异常
右心室异常,右室畸形
心瓣膜反流,心瓣膜反流
心瓣膜反流,心瓣膜关闭不全
心瓣膜反流,心瓣膜返流
心瓣膜反流,心瓣膜回流
心瓣膜反流,心脏瓣膜反流
心瓣膜反流,心脏瓣膜关闭不全
心瓣膜反流,心脏瓣膜返流
心瓣膜反流,心脏瓣膜回流
室间隔异常,室间隔异常
室间隔异常,室间隔畸形
先天性心脏连接异常,先天性心脏连接异常
链球菌感染后疾病,链球菌感染后疾病
肺动脉高压,肺动脉高压
肺动脉高压,肺动脉高血压
肺动脉高压,肺高压
肺动脉高压,肺性高血压
肺动脉高压,肺动脉血压过高
肺动脉高压,肺循环高压
升主动脉异常,升主动脉异常
升主动脉异常,升主动脉畸形
主动脉扩张,主动脉扩张
主动脉扩张,主动脉扩大
先天性肺静脉异常,先天性肺静脉异常
先天性肺静脉异常,先天性肺静脉畸形
房间隔异常,房间隔异常
房间隔异常,房间隔畸形
先天性心室和室间隔异常,先天性心室和室间隔异常
先天性心室和室间隔异常,先天性心室和室间隔畸形
心室动脉连接异常,心室动脉连接异常
左心房疾病,左心房疾病
左心房疾病,左心房紊乱左房病症
动脉导管异常,动脉导管异常
动脉导管异常,动脉导管畸形
心脏动脉瘤,心脏动脉瘤
心脏动脉瘤,心壁动脉瘤
心脏动脉瘤,心动脉瘤
左心房异常,左心房异常
左心房异常,左心房畸形
左心房异常,左房异常
左心房异常,左房畸形
胚胎残体,胚胎残体
胚胎残体,胚胎残留
风湿性心脏瓣膜病,风湿性心脏瓣膜病
风湿性心脏瓣膜病,风湿性心瓣膜病
风湿性心脏瓣膜病,心脏瓣膜风湿病
风湿性心脏瓣膜病,心瓣膜风湿病
先天性动脉导管异常,先天性动脉导管异常
先天性动脉导管异常,先天性动脉导管畸形
胸主动脉扩张,胸主动脉扩张
胸主动脉扩张,胸主动脉扩大
心室流出道梗阻,心室流出道梗阻
心室流出道梗阻,心室流出道阻塞
永存原始动脉,永存原始动脉
升主动脉扩张,升主动脉扩张
升主动脉扩张,升主动脉扩大
主动脉窦异常,主动脉窦异常
主动脉窦异常,主动脉窦畸形
主动脉窦异常,乏氏窦异常
主动脉窦异常,乏氏窦畸形
主动脉窦异常,伐氏窦异常
主动脉窦异常,伐氏窦畸形
主动脉窦异常,valsalva窦异常
主动脉窦异常,valsalva窦畸形
二尖瓣瓣叶异常,二尖瓣瓣叶异常
二尖瓣瓣叶异常,二尖瓣瓣叶畸形
二尖瓣瓣叶异常,二尖瓣叶异常
二尖瓣瓣叶异常,二尖瓣叶畸形
主动脉根部扩张,主动脉根部扩张
主动脉根部扩张,主动脉根部扩大
主动脉根部扩张,主动脉根扩张
主动脉根部扩张,主动脉根扩大
心脏瓣膜脱垂,心脏瓣膜脱垂
心脏瓣膜脱垂,心瓣膜脱垂
二尖瓣狭窄,二尖瓣狭窄
二尖瓣狭窄,二尖瓣狭窄
二尖瓣风湿病,二尖瓣风湿病
二尖瓣风湿病,风湿性二尖瓣疾病
二尖瓣风湿病,二尖瓣风湿性疾病
心房扩张,心房扩张
心房扩张,心房扩大
心房扩张,心房增大
心室肥厚,心室肥厚
心室肥厚,心室肥大
风湿性心脏瓣膜狭窄,风湿性心脏瓣膜狭窄
风湿性心脏瓣膜狭窄,风湿性心瓣膜狭窄
左心室流出道异常,左心室流出道异常
骑跨主动脉,骑跨主动脉
骑跨主动脉,主动脉骑跨
骑跨主动脉,主动脉骑位
心房动脉瘤,心房动脉瘤
二尖瓣尖脱垂,二尖瓣尖脱垂
压差,压差
压差,压力差
压差,压力梯度
尺寸,尺寸
尺寸,大小
显影,显影
显影,显示
射血分数,射血分数
收缩功能,收缩功能
结构,结构
血流动力,血流动力
回声,回声
直径,直径
直径,φ
直径,内径
运动,运动
运动,活动
运动,收缩
容量,容量
容量,容积
左心室舒张末期压,左心室舒张末期压
左心室舒张末期压,左室舒张末期压
左心室舒张末期压,左室舒张末压
左心室舒张末期压,左心室舒张末压
右心室功能,右心室功能
右心室功能,右室功能
左心室收缩压,左心室收缩压
左心室收缩压,左室收缩压
左心室功能,左心室功能
左心室功能,左室功能
开闭,开闭
开闭,开合
开闭,启闭
关系,关系
发育,发育
发育,生长
形态,形态
形态,形状
位置,位置
位置,方位
血流量,血流量
血流量,流量
血流速度,血流速度
血流速度,流速
血流信号,血流信号
收缩压,收缩压
舒张压,舒张压
长度,长度
长度,长
宽度,宽度
宽度,宽
厚度,厚度
厚度,厚
厚度,粗细
峰值压差,峰值压差
峰值压差,峰值压力差
峰值压差,最大压差
峰值压差,最大压力差
峰值流速,峰值流速
峰值流速,最大流速
阻力指数,阻力指数
E/A,ea
E'/A',ea
舒张功能,舒张功能
E峰至室间隔间距,e峰至室间隔间距
顺应性,顺应性
顺应性,弹性
A峰,a峰
E峰,e峰
边缘,边缘
边缘,边界
超声造影剂,超声造影剂
造影剂,造影剂
造影剂,对比剂
硝酸酯类药物,硝酸酯类药物
硝酸酯类药物,硝酸酯药物
硝酸酯类药物,硝酸类药物
硝酸酯类药物,硝酸酯
异丙肾上腺素,异丙肾上腺素
异丙肾上腺素,异丙肾
血肿,血肿
撕裂伤,撕裂伤
撕裂伤,撕裂
撕裂伤,裂伤
撕裂伤,割破
动脉瘤,动脉瘤
斑块,斑块
血栓,血栓
破裂伤,破裂伤
缩窄,缩窄
硬化,硬化
钙化(病理性),钙化病理性
钙化(病理性),钙化
钙化(病理性),钙化灶
缺损,缺损
缺损,缺陷
瘘(形态学),瘘形态学
瘘(形态学),瘘
瘘(形态学),瘘道
瘘(形态学),漏瘘
瘘(形态学),瘘管
瘘(形态学),喙管
肥厚,肥厚
肥厚,增厚
肥厚,变厚
肥厚,肥大
瘤,瘤
瘤,新生物
瘤,赘生物
瘤,肿瘤
狭窄,狭窄
畸形,畸形
畸形,结构异常
脱垂,脱垂
脓肿,脓肿
脓肿,脓疮
脓肿,脓包
脓肿,肿疡
脓肿,化脓
缩小,缩小
缩小,变窄
缩小,变小
扩大,扩大
扩大,增大
扩大,增宽
粘液瘤,粘液瘤
假性动脉瘤,假性动脉瘤
假性动脉瘤,假动脉瘤
梗阻,梗阻
梗阻,阻塞
穿孔,穿孔
穿孔,贯穿
穿孔,穿通
穿孔,穿破
积液,积液
积液,积水
积液,水肿
填塞(腔),填塞腔
填塞(腔),填塞
填塞(腔),压塞
挫伤,挫伤
挫伤,撞伤
挫伤,青肿
挫伤,挫裂
挫伤,挫裂伤
断裂,断裂
断裂,离断
栓子,栓子
风湿性炎症,风湿性炎症
风湿性炎症,风湿性病变
位移,位移
位移,移位
位移,偏移
位移,偏
肿物,肿物
肿物,占位
肿物,肿块
肿物,包块
肿物,团块
肿物,占位性病变
异位引流,异位引流
异位引流,畸形引流
异位引流,异位引流
异位引流,连接异常
异位引流,异位连接
粘连,粘连
粘连,黏连
粘连,粘附
扩张,扩张
扩张,膨大
扩张,膨胀
扩张,膨出
闭锁(先天性),闭锁先天性
闭锁(先天性),闭锁
错位,错位
横纹肌瘤,横纹肌瘤
转移性肿瘤,转移性肿瘤
转移性肿瘤,转移瘤
转移性肿瘤,转移灶
转移性肿瘤,转移
畸胎瘤,畸胎瘤
囊肿,囊肿
栓塞,栓塞
身体结构的改变,身体结构的改变
身体结构的改变,改变
形态异常结构,形态异常结构
病变,病变
病变,病损
病变,损伤
生长改变,生长改变
增殖,增殖
增殖,增生
增殖性肿块,增殖性肿块
增殖性肿块,增殖性肿物
增殖性肿块,增殖性肿瘤
增殖性肿块,增殖性占位
肿瘤和[或]错构瘤,肿瘤和或错构瘤
机械性异常,机械性异常
机械性病损,机械性病损
良性肿瘤,良性肿瘤
良性肿瘤,良性肿物
创伤性异常,创伤性异常
创伤性异常,创伤性畸形
创伤性异常,创伤性改变
发育异常,发育异常
发育异常,发育畸形
创伤性异常的形态学分类,创伤性异常的形态学分类
退行性异常,退行性异常
炎症的形态学改变,炎症的形态学改变
伤口,伤口
伤口,创口
创伤性异常的机制分类,创伤性异常的机制分类
炎症,炎症
炎症,发炎
沉积,沉积
纤维化和[或]修复异常,纤维化和或修复异常
体液平衡异常,体液平衡异常
炎症性病变,炎症性病变
炎症性病变,炎症性改变
炎症性病变,炎性病变
炎症性病变,炎性改变
退行性病变,退行性病变
退行性病变,退行性改变
退行性病变,退行性变
破裂,破裂
破裂,裂开
破裂,破坏
异常形状,异常形状
异常形状,形状异常
异常形状,形态异常
异常形状,异常形态
先天性或后天异位结构,先天性或后天异位结构
出血,出血
出血,失血
出血,大出血
血凝块,血凝块
血凝块,血块
病理性矿化,病理性矿化
后天性异位结构,后天性异位结构
梗阻性形态学改变,梗阻性形态学改变
体液蓄积,体液蓄积
体液蓄积,体液累积
狭窄结构,狭窄结构
狭窄结构,缩窄结构
粘液性肿瘤,粘液性肿瘤
粘液性肿瘤,粘液性肿物
硬结,硬结
硬结,硬块
硬结,硬团
非开放性结构,非开放性结构
多普勒超声,多普勒超声
多普勒超声,超声多普勒
多普勒超声,多普勒
注射,注射
自体肺动脉瓣移植,自体肺动脉瓣移植
自体肺动脉瓣移植,ross术
自体肺动脉瓣移植,ross手术
二尖瓣连合部切开,二尖瓣连合部切开
经胸超声心动图,经胸超声心动图
经食管超声心动图,经食管超声心动图
经食管超声心动图,经食道超声心动图
运动平板试验,运动平板试验
运动平板试验,运动平板
房间隔修补,房间隔修补
心脏声学造影,心脏声学造影
心脏声学造影,心肌灌注造影
心脏声学造影,声学造影
心脏声学造影,造影超声心动图
心脏声学造影,心脏造影超声心动描记术
经皮冠状动脉介入治疗,经皮冠状动脉介入治疗
射频导管消融,射频导管消融
Rastelli术,rastelli术
主动脉瓣成形,主动脉瓣成形
双根部调转,双根部调转
双根部调转,drt术
大动脉调转,大动脉调转
大动脉调转,switch术
格林分流,格林分流
格林分流,双向格林分流
格林分流,双向glenn分流
格林分流,glenn分流
格林分流,glenn术
格林分流,双向腔肺分流
格林分流,腔肺分流
灌注造影,灌注造影
冠状动脉旁路移植,冠状动脉旁路移植
二尖瓣成形,二尖瓣成形
经皮腔内冠状动脉成形术,经皮腔内冠状动脉成形术
人工血管置换,人工血管置换
心室反向,心室反向
心室反向,心室反转
骑跨,骑跨
分流,分流
漏,漏
反流,反流
反流,返流
反流,回流
连枷瓣,连枷瓣
连枷瓣,连枷状瓣叶
连枷瓣,连枷样瓣叶
伪影,伪影
三叶瓣,三叶瓣
三叶瓣,三瓣叶
三叶瓣,三叶
二叶瓣,二叶瓣
二叶瓣,二瓣叶
二叶瓣,二叶
低血流,低血流
自发性声学显影,自发性声学显影
自发性声学显影,自发性回声增强
过度运动,过度运动
过度运动,运动亢进
过度运动,运动功能亢进
过度运动,运动机能亢进
收缩期前移,收缩期前移
收缩期前移,收缩期前向运动
夹层,夹层
假性腱索,假性腱索
假性腱索,假腱索
心房化,心房化
心房化,房化
关闭不全,关闭不全
关闭不全,关闭不良
开放,开放
闭合,闭合
暗区,暗区
液性暗区,液性暗区
壁,壁
前壁,前壁
后壁,后壁
后壁,后侧壁
侧壁,侧壁
上壁,上壁
下壁,下壁
内壁,内壁
内壁,内侧壁
游离壁,游离壁
内膜,内膜
根部,根部
根部,根
神经根,神经根
神经纤维,神经纤维
神经节,神经节
神经核,神经核
瓣膜上,瓣膜上
瓣膜上,瓣上
瓣膜下,瓣膜下
瓣膜下,瓣下
瓣膜周,瓣膜周
瓣膜周,瓣膜旁
瓣膜周,瓣周
瓣膜环,瓣膜环
瓣膜环,瓣环
瓣膜小叶,瓣膜小叶
瓣膜小叶,瓣膜叶
瓣膜小叶,瓣叶
前叶(瓣膜),前叶瓣膜
前叶(瓣膜),前叶
前叶(瓣膜),前小叶
后叶(瓣膜),后叶瓣膜
后叶(瓣膜),后叶
后叶(瓣膜),后小叶
隔叶,隔叶
隔叶,间隔小叶
隔叶,隔小叶
基底部,基底部
基底部,基底
基底部,蒂
基底部,底部
基底部,底
基底部,基部
流出道,流出道
流入道,流入道
入口,入口
出口,出口
乳头肌,乳头肌
乳头肌,乳突肌
乳头肌,乳突状肌
纤维组织,纤维组织
纤维组织,纤维
横断面,横断面
横断面,横切面
横断面,切面
腱索,腱索
膜,膜
膜,包膜
粘膜,粘膜
浆膜,浆膜
浆膜下层,浆膜下层
浆膜下层,浆膜下
调节束,调节束
调节束,节制带
调节束,节制索
调节束,调节索
梗死区,梗死区
梗死区,梗塞区
脓腔,脓腔
升部,升部
升部,升支
升部,升段
升部,上行支
升部,上行
降部,降部
降部,降支
降部,降段
降部,下行支
降部,下行
附着点,附着点
附着点,起止点
左前降支,左前降支
对角支,对角支
右前降支,右前降支
前降支,前降支
Vieussens环,vieussens环
回旋支,回旋支
后降支,后降支
钝缘支,钝缘支
后支,后支
前支,前支
边缘支,边缘支
开口,开口
深支,深支
瘘口,瘘口
近端,近端
近端,近侧
近端,近部
近端,近段
近端,近心
近端,近心段
近端,近心端
近端,近心侧
近端,近节
远端,远端
远端,远侧
远端,远部
远端,远段
远端,远心
远端,远心段
远端,远心端
远端,远心侧
远端,远节
最宽处,最宽处
最狭窄处,最狭窄处
最狭窄处,狭窄处
最狭窄处,狭窄段
最狭窄处,最窄处
峡部,峡部
峡部,峡
中膜,中膜
外膜,外膜
颅外段,颅外段
颅外段,颅外
椎间段,椎间段
椎间段,椎间
心肌,心肌
管腔,管腔
管腔,腔
嵴部,嵴部
嵴部,嵴
顶部,顶部
顶部,顶端
交叉韧带,交叉韧带
交叉韧带,十字交叉韧带
交叉韧带,十字交叉
收缩期,收缩期
舒张期,舒张期
收缩期,收缩期
舒张期,舒张期
前移,前移
丘脑,丘脑
肺,肺
肺,两肺
肺,双肺
肺门,肺门
肺门,两肺门
肺门,双肺门
中耳,中耳
气管,气管
乳突气房,乳突气房
乳突气房,乳突小房
乳突气房,乳突蜂巣
会厌,会厌
侧脑室,侧脑室
副鼻窦部分,副鼻窦部分
手,手
手,双手
手,两手
肺野,肺野
肺野,两肺野
肺野,双肺野
右肺上叶段,右肺上叶段
腹部中央区域,腹部中央区域
腹部中央区域,腹中区
腹部中央区域,中腹
右侧主支气管,右侧主支气管
右侧主支气管,右主支气管
右侧乳突,右侧乳突
右侧乳突,右乳突
第三后肋,第三后肋
第三后肋,第3后肋
右侧耳廓,右侧耳廓
右侧耳廓,右耳廓
右侧颞骨,右侧颞骨
右侧颞骨,右颞骨
右侧髂骨,右侧髂骨
右侧髂骨,右髂骨
右肺,右肺
右肺,右侧肺
右肺门,右肺门
右肺门,右侧肺门
右髋关节区域,右髋关节区域
右髋关节区域,右髋关节区
右髋关节区域,右髋区
垂体,垂体
基底节,基底节
大脑中央动脉,大脑中央动脉
大脑中央动脉,大脑中动脉
大脑半球,大脑半球
子宫颈,子宫颈
子宫颈,宫颈
小脑,小脑
小脑幕,小脑幕
左侧主支气管,左侧主支气管
左侧主支气管,左主支气管
小脑半球,小脑半球
左手,左手
左拇指,左拇指
肋膈角,肋膈角
股骨外上髁,股骨外上髁
左肺,左肺
左肺,左侧肺
左侧肾上腺,左侧肾上腺
左侧肾上腺,左肾上腺
左侧膝关节,左侧膝关节
左侧膝关节,左膝关节
左侧膝关节,左膝
左髌骨,左髌骨
左髌骨,左侧髌骨
枕叶,枕叶
枕骨,枕骨
气管区域,气管区域
气管区域,气管区
眼眶,眼眶
眼眶,眶
第二肋间隙,第二肋间隙
第二肋间隙,第2肋间隙
第三脑室,第三脑室
第三脑室,第3脑室
第四脑室,第四脑室
第四脑室,第4脑室
筛窦,筛窦
肋骨,肋骨
股骨骨结构,股骨骨结构
胆囊,胆囊
胆囊,胆
胆囊管,胆囊管
胰腺,胰腺
胰腺,胰
胰腺,胰脏
第6胸椎椎体,第6胸椎椎体
第6胸椎椎体,胸6椎体
第6胸椎椎体,t6椎体
第6胸椎椎体,第6胸椎体
胸壁,胸壁
胸部骨骼,胸部骨骼
胸膜,胸膜
胼胝体,胼胝体
脉络丛,脉络丛
脑中线,脑中线
脑中线,脑中央线
脑组织,脑组织
脑组织,脑实质
脑室,脑室
脑室系统,脑室系统
脑干,脑干
脑池,脑池
脑沟结构,脑沟结构
脾脏,脾脏
脾脏,脾
腭,腭
腭,颚
腰(表面区域),腰表面区域
腰(表面区域),腰
第二腰椎椎体,第二腰椎椎体
第二腰椎椎体,第2腰椎椎体
第二腰椎椎体,腰2椎体
第二腰椎椎体,l2椎体
第二腰椎椎体,第2腰椎体
第五腰椎椎体,第五腰椎椎体
第五腰椎椎体,第5腰椎椎体
第五腰椎椎体,腰5椎体
第五腰椎椎体,l5椎体
第五腰椎椎体,第5腰椎体
腰椎,腰椎
脏面,脏面
膈面,膈面
舌根,舌根
视交叉,视交叉
顶区,顶区
顶骨,顶骨
颅脑,颅脑
颅脑,大脑
颈椎,颈椎
颌下区,颌下区
颌下区,下颌下三角
颌下区,颌下三角
额区,额区
额叶,额叶
颞叶,颞叶
食管,食管
食管,食道
鼻咽,鼻咽
压迫性,压迫性
间质性,间质性
低信号,低信号
片状,片状
片状,小片
片状,大片
片状,团片状
单发,单发
单发,单个
多发,多发
多发,多个
多发,数个
完整,完整
少量,少量
少量,少许
居中,居中
强化,强化
条索状,条索状
条索状,条索
模糊,模糊
模糊,不清
模糊,欠清
等信号,等信号
细小,细小
缺失,缺失
缺失,缺如
自然,自然
T1高信号,t1高信号
T1高信号,长t1
T2高信号,t2高信号
T2高信号,长t2
高信号,高信号
尖部,尖部
尖部,尖段
尖部,尖
前部,前部
前部,前段
后部,后部
后部,后段
后部,背段
上端,上端
上端,上段
上端,上部
下端,下端
下端,下段
下端,下部
中部,中部
中部,中段
内部·,内部
内部·,内段
外侧部,外侧部
外侧部,外侧段
外侧部,侧部
表面,表面
上表面,上表面
上表面,上面
下表面,下表面
下表面,下面
前表面,前表面
前表面,前面
后表面,后表面
后表面,后面
内侧面,内侧面
内侧面,内面
外侧面,外侧面
外侧面,侧面
背面,背面
背面,背侧面
基底面,基底面
基底面,基面
基底面,底面
外面,外面
边缘,边缘
边缘,缘
上缘,上缘
上缘,上边
下缘,下缘
下缘,下边
前缘,前缘
前缘,前边
后缘,后缘
后缘,后边
内侧缘,内侧缘
内侧缘,内缘
外侧缘,外侧缘
外侧缘,侧缘
外侧缘,外缘
游离缘,游离缘
左侧缘,左侧缘
左侧缘,左缘
右侧缘,右侧缘
右侧缘,右缘
向上,向上
向下,向下
向左,向左
向右,向右
向前,向前
向前,前向
向后,向后
向后,后向
双侧,双侧
双侧,两侧
双侧,两
双侧,双
左侧,左侧
左侧,左方
左侧,左
右侧,右侧
右侧,右方
右侧,右
中央,中央
中央,中心
外口,外口
内口,内口
前上方,前上方
前上方,前上部
前上方,前上段
前上方,前上
前下方,前下方
前下方,前下部
前下方,前下段
前下方,前下
前正中,前正中
前正中,前中部
前正中,前中段
前正中,前中
后上方,后上方
后上方,后上部
后上方,后上段
后上方,后上
后下方,后下方
后下方,后下部
后下方,后下段
后下方,后下
后正中,后正中
后正中,后中部
后正中,后中段
后正中,后中
左上方,左上方
左上方,左上部
左上方,左上段
左上方,左上
左下方,左下方
左下方,左下部
左下方,左下段
左下方,左下
左前方,左前方
左前方,左前部
左前方,左前段
左前方,左前
左后方,左后方
左后方,左后部
左后方,左后段
左后方,左后
右上方,右上方
右上方,右上部
右上方,右上段
右上方,右上
右下方,右下方
右下方,右下部
右下方,右下段
右下方,右下
右前方,右前方
右前方,右前部
右前方,右前段
右前方,右前
右后方,右后方
右后方,右后部
右后方,右后段
右后方,右后
周围部,周围部
周围部,周围
周围部,周边
周围部,周
局部,局部
相邻部,相邻部
相邻部,相邻侧
相邻部,相邻
相邻部,邻近部
相邻部,领近侧
相邻部,领近
相邻部,邻接部
相邻部,邻接侧
相邻部,邻接
CT值,ct值
弥散加权成像,弥散加权成像
弥散加权成像,弥散成像
弥散加权成像,扩散加权成像
T1加权成像,t1加权成像
T2加权成像,t2加权成像
T2自由水抑制,t2自由水抑制
密度,密度
最大径,最大径
最大径,最大直径
生理曲度,生理曲度
生理曲度,生理弧度
生理曲度,生理弯曲
纹理,纹理
走行,走行
走行,走向
加深,加深
加深,变深
闭合性创伤性半脱位,闭合性创伤性半脱位
闭合性创伤性半脱位,半脱位
压缩,压缩
压缩,受压
变性,变性
变性,退化
增粗,增粗
增粗,变粗
结石,结石
结节,结节
腺瘤,腺瘤
血管瘤(良性),血管瘤良性
血管瘤(良性),血管瘤
内生骨疣,内生骨疣
内生骨疣,骨疣
内生骨疣,骨岛
内生骨疣,骨斑
异物,异物
异物,外来物
异物,身外物
扭曲,扭曲
扭曲,曲折
扭曲,弯曲
扭曲,迂曲
梗塞,梗塞
梗塞,梗塞灶
气肿,气肿
炎性假瘤,炎性假瘤
积气,积气
积气,氧肿
突出,突出
纤维化,纤维化
纤维化,纤维症
纤维化,纤维灶
纤维化,纤维增殖
纤维化,纤维增生
纤维化,纤维变性
纤维化,纤维样变
宫颈纳氏囊肿,宫颈纳氏囊肿
宫颈纳氏囊肿,宫颈腺体囊肿
宫颈纳氏囊肿,纳氏囊肿
宫颈纳氏囊肿,纳氏腺囊肿
缺血灶,缺血灶
缺血灶,缺血性病变
肿胀,肿胀
肿胀,肿大
肿胀,红肿
脑出血,脑出血
腔隙梗塞,腔隙梗塞
腔隙梗塞,腔隙性梗塞
腔隙梗塞,腔隙性卒中
腔隙梗塞,腔隙卒中
腔隙梗塞,腔梗
软化,软化
软化,软化灶
钙化斑,钙化斑
钙化斑,钙化斑块
闭塞,闭塞
骨折,骨折
Ⅰ期,ⅰ期
Ⅰ期,一期
Ⅰ期,1期
彩色多普勒血流显像,彩色多普勒血流显像
信号,信号
呼吸伪影,呼吸伪影
浸润,浸润
阴影,阴影
阴影,灶影
阴影,影
异常,异常
异常信号,异常信号
心影,心影
波浪膈,波浪膈
淋巴结影,淋巴结影
结节影,结节影
脑白质疏松,脑白质疏松
软组织影,软组织影
软组织影,软组织块影
实质,实质
上叶,上叶
下叶,下叶
右叶,右叶
左叶,左叶
中叶,中叶
右中叶,右中叶
左上叶,左上叶
左下叶,左下叶
右上叶,右上叶
右下叶,右下叶
尾叶,尾叶
尾叶,尾状叶
方叶,方叶
乳突,乳突
关节,关节
关节腔,关节腔
关节面,关节面
关节面,关节小面
关节囊,关节囊
内侧支,内侧支
前角,前角
淋巴结,淋巴结
皮下组织,皮下组织
皮下组织,皮下
皮层,皮层
皮层,皮层
回,回
沟,沟
裂缝,裂缝
裂缝,间隙
裂缝,裂隙
裂缝,裂
腹壁,腹壁
骨质,骨质
骨髓,骨髓
变直,变直
变高,变高
瓣膜,瓣膜
肌肉骨胳系统,肌肉骨胳系统
局部肌肉骨骼系统,局部肌肉骨骼系统
结缔组织,结缔组织
骨和[或]关节,骨和或关节
骨骼系统,骨骼系统
肢体肌肉骨骼系统,肢体肌肉骨骼系统
骨骼结构,骨骼结构
局部骨骼结构,局部骨骼结构
骨骼类型,骨骼类型
上肢,上肢
上肢,臂
上肢,膊
上肢部分,上肢部分
关节系统,关节系统
关节,关节
骨骼(器官),骨骼器官
肢体骨骼和[或]关节,肢体骨骼和或关节
头部细分区域,头部细分区域
材料解剖实体,材料解剖实体
骨骼部分,骨骼部分
局部关节,局部关节
下肢肌肉骨骼,下肢肌肉骨骼
区域神经系统,区域神经系统
消化道,消化道
消化道部分,消化道部分
骨骼肌系统,骨骼肌系统
骨骼肌和[或]肌腱,骨骼肌和或肌腱
特殊感觉器官系统,特殊感觉器官系统
上肢肌肉骨骼,上肢肌肉骨骼
颜面,颜面
颜面,面部
颜面,脸部
手腕和[或]手掌,手腕和或手掌
脑和脊髓,脑和脊髓
皮被系统,皮被系统
皮被系统部分,皮被系统部分
体壁,体壁
上消化道,上消化道
指[趾],指趾
脚踝和[或]足,脚踝和或足
神经,神经
皮肤和皮下组织,皮肤和皮下组织
脊柱肌肉骨骼,脊柱肌肉骨骼
骨骼肌和[或]平滑肌,骨骼肌和或平滑肌
长骨,长骨
长骨,长管状骨
长骨,长管骨
皮肤和[或]粘膜,皮肤和或粘膜
头颈部肌肉骨骼系统,头颈部肌肉骨骼系统
足,足
足,脚
手部,手部
四肢骨骼,四肢骨骼
四肢骨骼,上下肢骨骼
头颈部神经系统,头颈部神经系统
脊柱,脊柱
头部神经,头部神经
脑部,脑部
口和[或]咽,口和或咽
耳鼻喉,耳鼻喉
性器官,性器官
躯干肌肉骨骼,躯干肌肉骨骼
肢体关节,肢体关节
四肢软组织,四肢软组织
四肢软组织,上下肢软组织
骨骼肌,骨骼肌
皮肤及[或]皮肤相关粘膜,皮肤及或皮肤相关粘膜
局部骨骼肌,局部骨骼肌
周围神经系统,周围神经系统
周围神经系统,外周神经系统
周围神经系统,末梢神经系统
背部，不包括颈部,背部不包括颈部
解剖生殖系统,解剖生殖系统
生殖结构,生殖结构
中轴骨骼,中轴骨骼
中轴骨骼,中轴骨
上呼吸消化道,上呼吸消化道
不规则骨,不规则骨
口部区域,口部区域
口部区域,口区
消化器官部分,消化器官部分
口部区域部分,口部区域部分
生殖器官,生殖器官
呼吸道,呼吸道
视觉系统,视觉系统
皮肤和[或]表面上皮,皮肤和或表面上皮
皮肤,皮肤
周围神经,周围神经
周围神经,外周神经
周围神经,末梢神经
皮肤部分,皮肤部分
血液学系统,血液学系统
细胞结构,细胞结构
眼部区域,眼部区域
眼部区域,眼区
胸部肌肉骨骼系统,胸部肌肉骨骼系统
韧带,韧带
局部周围神经,局部周围神经
局部周围神经,局部外周神经
局部周围神经,局部末梢神经
局部周围神经,区域周围神经
局部周围神经,区域外周神经
局部周围神经,区域末梢神经
泌尿生殖道,泌尿生殖道
骨骼区域,骨骼区域
骨骼区域,骨区
手部肌肉骨骼,手部肌肉骨骼
淋巴网状内皮系统,淋巴网状内皮系统
皮肤区域,皮肤区域
皮肤区域,皮区
头部肌肉骨骼,头部肌肉骨骼
足部肌肉骨骼,足部肌肉骨骼
免疫系统,免疫系统
指[趾]肌肉骨骼系统,指趾肌肉骨骼系统
口内部分,口内部分
手指,手指
手指,指
头颈部软组织,头颈部软组织
头颈部软组织,头颈部软组织
头颈部软组织,头颈区软组织
头颈部软组织,头颈软组织
躯干软组织,躯干软组织
颌区,颌区
颌区,颚区
脊柱和[或]骨盆骨,脊柱和或骨盆骨
头和[或]颈骨,头和或颈骨
小骨盆,小骨盆
骨骼韧带,骨骼韧带
关节韧带,关节韧带
造血系统,造血系统
胸壁部分,胸壁部分
肌腱和[或]腱鞘,肌腱和或腱鞘
脊柱骨骼,脊柱骨骼
脊柱骨骼,脊柱骨
大脑结构,大脑结构
下肢软组织,下肢软组织
幕上脑,幕上脑
幕上脑部分,幕上脑部分
网状内皮系统,网状内皮系统
下肢关节,下肢关节
听觉系统,听觉系统
手指(除外拇指),手指除外拇指
淋巴系统,淋巴系统
胸廓,胸廓
胸廓,胸笼
上呼吸道,上呼吸道
脊椎,脊椎
脊椎,脊椎骨
脊椎,脊梁骨
脊椎,椎骨
脊椎,脊椎
脊椎,脊骨
脊椎,椎
女性结构,女性结构
牙齿、牙龈和支撑结构,牙齿牙龈和支撑结构
男性结构,男性结构
躯干骨骼,躯干骨骼
上背,上背
上肢骨骼,上肢骨骼
上肢骨骼,上肢骨
耳,耳
耳部,耳部
下肢骨骼部,下肢骨骼部
下肢骨骼部,下肢骨
足部软组织,足部软组织
足部软组织,脚部软组织
男性泌尿生殖系统,男性泌尿生殖系统
淋巴组织样系统,淋巴组织样系统
淋巴器官,淋巴器官
足趾,足趾
足趾,趾
足趾,脚趾
器官腔细分,器官腔细分
口腔硬组织,口腔硬组织
局部淋巴系统,局部淋巴系统
局部淋巴系统,区域淋巴系统
女性躯干骨盆区,女性躯干骨盆区
男性生殖结构,男性生殖结构
胃肠道,胃肠道
关节周围骨骼,关节周围骨骼
关节周围骨骼,关节周围骨
骨盆生殖系统,骨盆生殖系统
骨盆生殖系统,盆腔生殖系统
会阴,会阴
眼本,眼本
男性生殖器官,男性生殖器官
男性生殖器官,男性生殖器
女性泌尿生殖系统,女性泌尿生殖系统
眼部,眼部
足趾部分,足趾部分
肌腱,肌腱
胸背区域,胸背区域
胸背区域,胸背区
关节部分,关节部分
颈部肌肉骨骼,颈部肌肉骨骼
女性生殖结构,女性生殖结构
肩带或上肢关节,肩带或上肢关节
骨盆带,骨盆带
骨盆带,骨盆腰带
骨盆带,腰带
骨盆带,盆带骨
骨盆带,骨盆围托
头骨,头骨
体区壁,体区壁
下泌尿生殖道,下泌尿生殖道
上肢长骨,上肢长骨
脊柱关节,脊柱关节
上肢软组织,上肢软组织
肢体骨骼肌,肢体骨骼肌
软组织关节成分,软组织关节成分
腺体,腺体
头部软组织,头部软组织
腹段躯干壁,腹段躯干壁
手指肌肉骨骼,手指肌肉骨骼
下肢骨骼部分,下肢骨骼部分
下背,下背
眼球段,眼球段
牙齿,牙齿
牙齿,牙
牙齿,齿
淋巴组织,淋巴组织
淋巴结,淋巴结
骨骼关节面,骨骼关节面
骨骼关节面,骨关节面
女性生殖器官,女性生殖器官
幕下脑,幕下脑
胸背部椎体区域,胸背部椎体区域
胸背部椎体区域,胸背部椎体区
女性生殖系统细分,女性生殖系统细分
胸椎肌肉骨骼系统,胸椎肌肉骨骼系统
女性泌尿生殖道,女性泌尿生殖道
体导管,体导管
咽喉,咽喉
指[趾]骨,指趾骨
颅骨,颅骨
颅骨,头盖骨
骨盆带肌肉骨骼系统,骨盆带肌肉骨骼系统
手掌和[或]手腕骨,手掌和或手腕骨
端脑,端脑
端脑,终脑
女性生殖道,女性生殖道
局部脊柱关节,局部脊柱关节
局部脊柱关节,局部脊关节
局部脊柱关节,区域脊柱关节
局部脊柱关节,区域脊关节
幕下脑部分,幕下脑部分
胸椎,胸椎
躯干骨骼肌,躯干骨骼肌
下肢肌肉和[或]肌腱,下肢肌肉和或肌腱
下呼吸道系统,下呼吸道系统
局部淋巴结,局部淋巴结
局部淋巴结,区域淋巴结
滑膜关节,滑膜关节
皮下组织,皮下组织
皮下组织,皮下
四肢皮肤,四肢皮肤
四肢皮肤,上下肢皮肤
膜器官,膜器官
软骨组织结构,软骨组织结构
材料解剖点,材料解剖点
肢体部分皮肤,肢体部分皮肤
肢体部分皮肤,肢体皮肤
盆腔脏器,盆腔脏器
盆腔脏器,盆腔内脏
肋骨、胸骨和[或]锁骨,肋骨胸骨和或锁骨
恶性肿瘤的脑膜外结构,恶性肿瘤的脑膜外结构
肩带区域,肩带区域
肩带区域,肩带区
肩带区域,肩胛带区域
肩带区域,肩胛带区
乳腺和[或]内分泌系统,乳腺和或内分泌系统
面外侧至中矢状面半部,面外侧至中矢状面半部
体表点,体表点
针灸穴,针灸穴
颅神经,颅神经
颅神经,脑神经
神经部分,神经部分
男性生殖器官部分,男性生殖器官部分
女性内生殖结构,女性内生殖结构
大脑外侧至中矢状面半部,大脑外侧至中矢状面半部
粘膜,粘膜
口腔软组织,口腔软组织
下呼吸道,下呼吸道
手部骨骼,手部骨骼
手部骨骼,手骨
会阴泌尿生殖区域,会阴泌尿生殖区域
会阴泌尿生殖区域,会阴泌尿生殖区
外生殖结构,外生殖结构
肢体神经,肢体神经
女性内生殖器官,女性内生殖器官
女性内生殖器官,女性内生殖器
腹部软组织,腹部软组织
躯干淋巴系统,躯干淋巴系统
手指肌肉骨骼(除外拇指部分),手指肌肉骨骼除外拇指部分
颈椎肌肉骨骼系统,颈椎肌肉骨骼系统
踝和[或]脚部骨,踝和或脚部骨
头臂静脉支流,头臂静脉支流
头臂静脉支流,头臂静脉支
结缔组织根据部位分类,结缔组织根据部位分类
周围静脉,周围静脉
周围静脉,外周静脉
神经根和[或]神经丛,神经根和或神经丛
解剖实体组,解剖实体组
肩部和[或]上臂,肩部和或上臂
肢体周围神经,肢体周围神经
肢体周围神经,肢体外周神经
肢体周围神经,肢体末梢神经
上肢骨骼部分,上肢骨骼部分
上肢骨骼部分,上肢骨部分
上肢骨骼部分,上肢骨骼部
手腕和[或]手部关节,手腕和或手部关节
踝关节和[或]足部关节,踝关节和或足部关节
后脑,后脑
后脑,菱脑
滑膜,滑膜
上肢肌肉和[或]肌腱,上肢肌肉和或肌腱
头颈骨骼肌,头颈骨骼肌
头颈骨骼肌,头颈肌
躯干皮肤和皮下组织,躯干皮肤和皮下组织
口咽和[或]下咽和[或]喉部,口咽和或下咽和或喉部
女性生殖器官部分,女性生殖器官部分
下消化道,下消化道
颈部脊柱,颈部脊柱
颈部脊柱,颈段脊柱
颈部脊柱,脊柱颈部
颈部脊柱,脊柱颈段
肠,肠
肠,肠道
指[趾]关节,指趾关节
脑干部分,脑干部分
椎体部分,椎体部分
后腹壁,后腹壁
后腹壁,腹后壁
亚细胞结构,亚细胞结构
足部骨骼,足部骨骼
足部骨骼,足骨
腰背区域,腰背区域
腰背区域,腰背区
大脑半球部,大脑半球部
大脑半球部,半球部
小趾(第二至四趾),小趾第二至四趾
上肢皮肤和皮下组织,上肢皮肤和皮下组织
颈前部分,颈前部分
颈前部分,颈前部
颈前部分,颈前
头颈皮肤和皮下组织,头颈皮肤和皮下组织
颈椎和[或]胸椎关节,颈椎和或胸椎关节
肺胸膜室,肺胸膜室
筋膜,筋膜
盆腔女性生殖系统,盆腔女性生殖系统
眼附属器,眼附属器
脑颅,脑颅
脑颅,神经颅
脑颅,神经颅腔
下肢长骨,下肢长骨
齿部,齿部
齿部,牙齿部分
下肢皮肤和皮下组织,下肢皮肤和皮下组织
膝关节区域,膝关节区域
膝关节区域,膝关节区
膝关节区域,膝区
躯干骨盆部软组织,躯干骨盆部软组织
躯干骨盆部软组织,躯干盆腔部软组织
内耳和[或]咽鼓管结构,内耳和或咽鼓管结构
男性外生殖结构,男性外生殖结构
喉和[或]气管,喉和或气管
足趾肌肉骨骼,足趾肌肉骨骼
身体表面区域结构,身体表面区域结构
男性内生殖结构,男性内生殖结构
含气骨,含气骨
含气骨,充气骨
含气骨,气动骨
胸和[或]腰椎关节,胸和或腰椎关节
手腕区域,手腕区域
手腕区域,腕区
躯干淋巴结,躯干淋巴结
腰背部椎体区,腰背部椎体区
脑叶,脑叶
前臂,前臂
前臂,下臂
头部皮肤和皮下组织,头部皮肤和皮下组织
肋骨部分,肋骨部分
肋骨部分,肋部
内分泌系统,内分泌系统
前庭系统,前庭系统
泌尿道,泌尿道
指骨,指骨
上胃肠道,上胃肠道
男性泌尿生殖道,男性泌尿生殖道
内耳,内耳
眼球前段,眼球前段
眼球前段,前眼球段
指骨骨结构,指骨骨结构
上肢骨骼肌,上肢骨骼肌
上肢骨骼肌,上肢肌
脊髓、神经根和神经节,脊髓神经根和神经节
骨骺,骨骺
骨骺,骺
骨盆外侧带,骨盆外侧带
骨盆外侧带,外侧骨盆带
骨盆外侧带,盆腔外侧带
骨盆外侧带,外侧盆腔带
脊髓,脊髓
脊髓,脊索
间脑,间脑
血细胞,血细胞
脊髓部分,脊髓部分
腰段脊柱,腰段脊柱
腰段脊柱,腰部脊柱
腰段脊柱,脊柱腰段
迷路,迷路
腰椎肌肉骨骼系统,腰椎肌肉骨骼系统
局部滑膜,局部滑膜
局部滑膜,区域滑膜
浆液膜,浆液膜
浆液膜,浆膜
眼附属器部分,眼附属器部分
鼻和鼻咽,鼻和鼻咽
喉,喉
肢体滑膜,肢体滑膜
间脑部分,间脑部分
骨盆区和[或]股骨,骨盆区和或股骨
导管(器官),导管器官
眼区外结构,眼区外结构
躯干周围神经,躯干周围神经
躯干周围神经,躯干外周神经
躯干周围神经,躯干末梢神经
器官系统细分,器官系统细分
躯干皮肤,躯干皮肤
躯干部分皮肤,躯干部分皮肤
头颈部关节,头颈部关节
下肢周围骨,下肢周围骨
腹膜囊,腹膜囊
足部关节,足部关节
足部关节,足关节
胸椎椎骨,胸椎椎骨
胸椎椎骨,胸椎骨
内分泌腺,内分泌腺
颅神经分支,颅神经分支
颅神经分支,颅神经支
大腿,大腿
大腿,股
大腿,髀
骨盆男性生殖结构,骨盆男性生殖结构
骨盆男性生殖结构,盆腔男性生殖结构
复合区域,复合区域
肌肉部分,肌肉部分
骨骼肌部分,骨骼肌部分
肢体骨骺,肢体骨骺
自主神经,自主神经
手部关节,手部关节
手部关节,手关节
下肢外侧部分,下肢外侧部分
骨盆壁,骨盆壁
骨盆壁,盆腔壁
骨盆壁,盆壁
下肢骨骼肌,下肢骨骼肌
下肢骨骼肌,下肢肌
白细胞,白细胞
躯干关节,躯干关节
扁平骨,扁平骨
扁平骨,扁骨
脊柱韧带,脊柱韧带
脊柱韧带,脊韧带
肩和上肢韧带,肩和上肢韧带
腿部,腿部
腿部,股部
外分泌腺,外分泌腺
女性下泌尿生殖道,女性下泌尿生殖道
精索和[或]男性会阴结构,精索和或男性会阴结构
大脑脑叶,大脑脑叶
大脑脑叶,大脑叶
中脑和脑桥,中脑和脑桥
感觉神经系统,感觉神经系统
头部和[或]颈部静脉,头部和或颈部静脉
髋关节区域,髋关节区域
髋关节区域,髋关节区
髋关节区域,髋区
脊柱腰骶区域,脊柱腰骶区域
脊柱腰骶区域,腰骶区域
脊柱腰骶区域,腰骶区
颈内静脉支流,颈内静脉支流
颈内静脉支流,颈内静脉支
上肢神经,上肢神经
手指软组织,手指软组织
咽,咽
神经丛,神经丛
腹部区域细分,腹部区域细分
女性上生殖系统,女性上生殖系统
眼球后段,眼球后段
眼球后段,后眼球段
指骨(除外拇指指骨),指骨除外拇指指骨
肩关节区域,肩关节区域
肩关节区域,肩关节区
肩关节区域,肩区
下泌尿道,下泌尿道
网状内皮细胞,网状内皮细胞
下肢韧带,下肢韧带
单核细胞(组织细胞、淋巴细胞、浆细胞),单核细胞组织细胞淋巴细胞浆细胞
腹膜(浆膜),腹膜浆膜
腹膜(浆膜),腹膜
短骨,短骨
膀胱和尿道,膀胱和尿道
中枢神经系统间隙,中枢神经系统间隙
下肢皮肤,下肢皮肤
外周血单个核细胞,外周血单个核细胞
外周血单个核细胞,外周血单核细胞
前列腺和[或]精囊,前列腺和或精囊
锥体外系,锥体外系
下肢部分皮肤,下肢部分皮肤
肢体皮下组织,肢体皮下组织
肢体皮下组织,肢体皮下
边缘系统,边缘系统
前列腺和输精管,前列腺和输精管
足趾软组织,足趾软组织
脊髓组织,脊髓组织
女性下生殖系统,女性下生殖系统
自主神经系统,自主神经系统
消化系统粘膜,消化系统粘膜
头侧,头侧
头颈部皮肤,头颈部皮肤
脑脊髓膜,脑脊髓膜
脑脊髓膜,脑脊膜
中耳和乳突,中耳和乳突
鼻,鼻
头颈部部分皮肤,头颈部部分皮肤
肺部,肺部
上肢皮肤,上肢皮肤
鼻部,鼻部
后椎体元素,后椎体元素
前足骨骼,前足骨骼
前足骨骼,前足骨
前足骨骼,前脚骨
耳颞区域,耳颞区域
耳颞区域,耳颞区
上泌尿生殖道,上泌尿生殖道
下颌区域,下颌区域
下颌区域,下颌区
食管和[或]胃,食管和或胃
口、食管、胃,口食管胃
膜性迷路,膜性迷路
膜性迷路,膜迷路
球窝关节,球窝关节
球窝关节,杵臼关节
上肢部分皮肤,上肢部分皮肤
女性上泌尿生殖道,女性上泌尿生殖道
皮肤附属器,皮肤附属器
皮肤附属器,皮肤附件
气道,气道
眉毛和[或]眼睑,眉毛和或眼睑
上肢周围神经,上肢周围神经
上肢周围神经,上肢区域神经
上肢周围神经,上肢末梢神经
淋巴细胞,淋巴细胞
胃和[或]十二指肠,胃和或十二指肠
小趾肌肉骨骼(第二至四趾),小趾肌肉骨骼第二至四趾
脊神经,脊神经
脊神经,脊椎神经
肩带,肩带
肩带,上肢带
颌面骨骼,颌面骨骼
颌面骨骼,颌面骨
指关节,指关节
足部皮肤和皮下组织,足部皮肤和皮下组织
胸椎关节,胸椎关节
胸椎关节,胸部脊柱关节
胸椎关节,胸部脊椎关节
胸椎关节,胸脊柱关节
胸椎关节,胸脊椎关节
颞骨,颞骨
颞骨,寿台骨
面骨,面骨
脉络膜和[或]视网膜,脉络膜和或视网膜
脑和脊髓白质,脑和脊髓白质
头静脉,头静脉
子宫,子宫
指[趾]骨部分,指趾骨部分
上肢肌腱,上肢肌腱
小肠,小肠
眼睑,眼睑
眼睑,睑
肝脏部分,肝脏部分
颅神经部分,颅神经部分
指[趾]部皮肤,指趾部皮肤
手部皮肤和皮下组织,手部皮肤和皮下组织
颞骨部分,颞骨部分
不动关节,不动关节
不动关节,纤维性关节
不动关节,关节融合
心壁,心壁
耳廓区域,耳廓区域
耳廓区域,耳廓区
耳廓区域,耳区
骨盆骨骼,骨盆骨骼
关节及[或]肌腱滑膜,关节及或肌腱滑膜
大脑层,大脑层
踝关节区域,踝关节区域
踝关节区域,踝关节区
头部皮肤,头部皮肤
头部部分皮肤,头部部分皮肤
玻璃体和[或]视网膜,玻璃体和或视网膜
前列腺,前列腺
手腕和[或]手掌部韧带,手腕和或手掌部韧带
上呼吸道腔,上呼吸道腔
胸部骨骼肌,胸部骨骼肌
腹壁,腹壁
骨架组织,骨架组织
头部骨骼肌,头部骨骼肌
男性下泌尿生殖道,男性下泌尿生殖道
牙齿表面,牙齿表面
牙齿表面,齿表面
牙齿表面,牙表面
牙齿表面,齿面
牙齿表面,牙面
肢体表面区域,肢体表面区域
上肢血管,上肢血管
骨骼组织,骨骼组织
滑膜囊,滑膜囊
滑膜囊,滑囊
肘关节区域,肘关节区域
肘关节区域,肘关节区
肘关节区域,肘区
骨盆或上肢关节,骨盆或上肢关节
背部骨骼肌,背部骨骼肌
背部骨骼肌,背肌
气管支气管,气管支气管
外耳,外耳
气管支气管树部分,气管支气管树部分
骨盆带关节,骨盆带关节
下肢肌腱,下肢肌腱
交感神经系统,交感神经系统
咽部,咽部
生殖腺,生殖腺
生殖腺,性腺
头颈周围神经,头颈周围神经
头颈周围神经,头颈外周神经
头颈周围神经,头颈末梢神经
上颌区域,上颌区域
上颌区域,上颌区
外耳部分,外耳部分
指关节(除外拇指部分),指关节除外拇指部分
眼睑部分,眼睑部分
作用于关节的肌肉,作用于关节的肌肉
眼球内膜,眼球内膜
子宫部分,子宫部分
阴囊和睾丸,阴囊和睾丸
下肢骨骼关节面,下肢骨骼关节面
下肢骨骼关节面,下肢骨关节面
下肢骨骼关节面,下肢关节面
趾骨(除外拇趾),趾骨除外拇趾
前列腺部分,前列腺部分
视网膜,视网膜
大脑皮层,大脑皮层
大脑皮层,大脑皮质
大脑皮层,脑皮层
大脑皮层,脑皮质
椎弓,椎弓
头颈淋巴系统,头颈淋巴系统
下肢神经,下肢神经
膝关节,膝关节
大脑皮质部分,大脑皮质部分
下肢周围神经,下肢周围神经
下肢周围神经,下肢区域神经
下肢周围神经,下肢末梢神经
颞骨岩部,颞骨岩部
肾脏部分,肾脏部分
躯干神经,躯干神经
子宫附件,子宫附件
子宫附件,附件
男性会阴,男性会阴
躯干非自主神经,躯干非自主神经
喉肌肉骨骼,喉肌肉骨骼
心肌,心肌
拇指,拇指
拇指,大拇指
拇指,拇
前臂或手腕关节,前臂或手腕关节
胃肠壁层,胃肠壁层
骨盆皮肤和皮下组织,骨盆皮肤和皮下组织
浆膜部分,浆膜部分
周围神经部分,周围神经部分
前胸壁,前胸壁
下肢滑膜,下肢滑膜
颈关节,颈关节
指[趾]间关节,指趾间关节
乙状窦支流,乙状窦支流
乙状窦支流,乙状窦支
会阴软组织,会阴软组织
关节囊,关节囊
足趾皮肤和皮下组织,足趾皮肤和皮下组织
外阴,外阴
下躯干皮肤,下躯干皮肤
下躯干皮肤,下半身皮肤
足部区域,足部区域
足部区域,足区
骨盆软组织,骨盆软组织
骨盆软组织,盆腔软组织
神经根,神经根
上臂,上臂
颈部骨骼肌,颈部骨骼肌
颈部骨骼肌,颈肌
趾关节,趾关节
趾关节,足趾关节
趾关节,足指关节
手腕区关节,手腕区关节
肢体静脉,肢体静脉
平滑肌(器官),平滑肌器官
平滑肌(器官),平滑肌
椎间盘,椎间盘
体孔粘膜,体孔粘膜
椎体关节突,椎体关节突
椎体关节突,椎骨关节突
椎体关节突,脊椎关节突
非物质解剖实体,非物质解剖实体
上臂部分,上臂部分
自主神经丛,自主神经丛
大肠,大肠
阴茎,阴茎
小肠部分,小肠部分
下肢表面区域,下肢表面区域
下肢表面区域,下肢浅表区域
下肢表面区域,下肢表面区
下肢表面区域,下肢浅表区
颈椎关节,颈椎关节
肩关节和[或]上肢肌腱和[或]腱鞘,肩关节和或上肢肌腱和或腱鞘
腹部淋巴结,腹部淋巴结
腹部淋巴结,腹淋巴结
跖骨,跖骨
跖骨,蹠骨
支气管,支气管
后天身体结构,后天身体结构
后天身体结构,获得性身体结构
淋巴管,淋巴管
脚踝和[或]足部皮肤,脚踝和或足部皮肤
脚踝部皮肤,脚踝部皮肤
脚踝部皮肤,足踝部皮肤
脚踝部皮肤,踝部皮肤
脚踝部皮肤,脚踝皮肤
脚踝部皮肤,足踝皮肤
大肠部分,大肠部分
踝关节韧带和[或]足部韧带,踝关节韧带和或足部韧带
锁骨和[或]肩胛骨和[或]肱骨,锁骨和或肩胛骨和或肱骨
面骨部分,面骨部分
葡萄膜,葡萄膜
葡萄膜,色素层
尿路,尿路
胸部淋巴系统,胸部淋巴系统
手掌部肌腱和[或]腱鞘,手掌部肌腱和或腱鞘
肺叶,肺叶
乳房,乳房
乳房,双乳
筋膜室,筋膜室
筋膜室,筋膜间室
下肢短骨,下肢短骨
内分泌腺部分,内分泌腺部分
上肢周围骨骼,上肢周围骨骼
上肢周围骨骼,上肢周围骨
耳蜗,耳蜗
跗骨,跗骨
跗骨,酒石骨
三叉神经,三叉神经
三叉神经,第5对脑神经
三叉神经,第v对脑神经
三叉神经,第5对颅神经
三叉神经,第v对颅神经
三叉神经,第5脑神经
三叉神经,第v脑神经
三叉神经,第5颅神经
三叉神经,第v颅神经
骨干,骨干
骨干,骨体
下丘脑,下丘脑
足表面区域,足表面区域
足表面区域,足浅表区域
足表面区域,足表面区
足表面区域,足浅表区
外阴部分,外阴部分
骨迷路,骨迷路
骨迷路,骨性迷路
胸部软组织,胸部软组织
手部韧带,手部韧带
内鼻,内鼻
下丘脑部分,下丘脑部分
中脑,中脑
交感神经,交感神经
阴茎部分,阴茎部分
指[趾]骨骨骺,指趾骨骨骺
前列腺区域,前列腺区域
前列腺区域,前列腺区
手腕和手部皮肤,手腕和手部皮肤
耳廓,耳廓
手腕和手部部分皮肤,手腕和手部部分皮肤
脊神经根,脊神经根
脊髓横断区域,脊髓横断区域
脊髓横断区域,脊髓横断区
手背,手背
手背,掌背
脑白质,脑白质
脑膜部分,脑膜部分
趾表面区域,趾表面区域
趾表面区域,趾浅表区域
趾表面区域,足趾表面区域
趾表面区域,足指表面区域
趾表面区域,足趾表面区
趾表面区域,足指表面区
趾表面区域,趾表面区
趾表面区域,足趾浅表区域
趾表面区域,足指浅表区域
趾表面区域,足趾浅表区
趾表面区域,足指浅表区
趾表面区域,趾浅表区
会阴皮肤和皮下组织,会阴皮肤和皮下组织
上肢滑膜,上肢滑膜
骨髓,骨髓
手部肌肉,手部肌肉
躯干外侧区,躯干外侧区
指骨部分,指骨部分
肛门直肠,肛门直肠
肛门直肠,肛直肠
肛门直肠,直肠肛门
肢体筋膜室,肢体筋膜室
三叉神经细分,三叉神经细分
神经系统通路,神经系统通路
头颈部皮下组织,头颈部皮下组织
头颈部皮下组织,头颈皮下组织
头颈部皮下组织,头颈部皮下
头颈部皮下组织,头颈皮下
骶骨背区,骶骨背区
足部皮肤,足部皮肤
足部皮肤,脚部皮肤
胃,胃
面部皮肤,面部皮肤
面部皮肤,脸部皮肤
手背皮肤和皮下组织,手背皮肤和皮下组织
手背皮肤和皮下组织,掌背皮肤和皮下组织
延髓,延髓
延髓,髓脑
延髓,延脑
上肢动脉,上肢动脉
足部部分皮肤,足部部分皮肤
结膜和[或]角膜,结膜和或角膜
头部关节,头部关节
喉部,喉部
延髓部分,延髓部分
脑膜间隙结构,脑膜间隙结构
面部部分皮肤,面部部分皮肤
面部部分皮肤,脸部部分皮肤
乳房部分,乳房部分
胃部,胃部
颌骨,颌骨
颌骨,颚骨
颌骨,下巴骨
非骨骼韧带,非骨骼韧带
前臂和手掌部肌腱,前臂和手掌部肌腱
手部皮肤,手部皮肤
掌骨,掌骨
髋关节,髋关节
手部肌腱,手部肌腱
骨耳蜗,骨耳蜗
骨耳蜗,骨蜗
牙齿牙龈和支持结构,牙齿牙龈和支持结构
面中骨,面中骨
面中骨,面中部骨
手指皮肤和皮下组织,手指皮肤和皮下组织
小腿骨,小腿骨
上肢皮下组织,上肢皮下组织
上肢皮下组织,上肢皮下
神经系统神经节,神经系统神经节
小脑部分,小脑部分
小趾趾骨(第二至四趾),小趾趾骨第二至四趾
尿道,尿道
脑桥,脑桥
指[趾]部部分皮肤,指趾部部分皮肤
骨盆皮肤,骨盆皮肤
腹部外侧区域,腹部外侧区域
腹部外侧区域,腹部外侧区
腹部外侧区域,腹外侧区
肩带关节,肩带关节
生殖器皮肤和皮下组织,生殖器皮肤和皮下组织
无名骨,无名骨
脑桥部分,脑桥部分
脑桥部分,桥部
唇和[或]腭,唇和或腭
肘部软组织,肘部软组织
口腔粘膜,口腔粘膜
口腔粘膜,口粘膜
骨盆尿道,骨盆尿道
骨盆尿道,盆腔尿道
胆道,胆道
骨盆区域动脉,骨盆区域动脉
骨盆区域动脉,盆腔区域动脉
骨盆区域动脉,骨盆区动脉
骨盆区域动脉,盆腔区动脉
软骨关节,软骨关节
跗骨部分,跗骨部分
肛门区皮肤和[或]粘膜,肛门区皮肤和或粘膜
下肢皮下组织,下肢皮下组织
下肢皮下组织,下肢皮下
心室心肌,心室心肌
心室心肌,心室肌
上呼吸道空间,上呼吸道空间
上呼吸道空间,上呼吸道间隙
尿道膀胱,尿道膀胱
尿道膀胱,膀胱尿道
丘脑部分,丘脑部分
骨盆区域部分皮肤,骨盆区域部分皮肤
指间关节,指间关节
男性生殖管,男性生殖管
腰椎关节,腰椎关节
右下肢,右下肢
牙龈,牙龈
牙龈,龈
左下肢,左下肢
躯干皮下组织,躯干皮下组织
躯干皮下组织,躯干皮下
喉腔,喉腔
头部皮下组织,头部皮下组织
头部皮下组织,头部皮下
躯干韧带,躯干韧带
牙龈部分,牙龈部分
尿道部分,尿道部分
骨器官骨髓,骨器官骨髓
躯干筋膜,躯干筋膜
下肢静脉,下肢静脉
脊髓垂直区域,脊髓垂直区域
指间关节(除外拇指指骨),指间关节除外拇指指骨
巩膜和[或]虹膜,巩膜和或虹膜
早期分化胚胎,早期分化胚胎
下肢后表面,下肢后表面
下肢后表面,下肢后面
足部韧带,足部韧带
足部韧带,足韧带
肩带骨骼,肩带骨骼
肩带骨骼,肩带骨
胸壁关节,胸壁关节
卵巢和[或]阔韧带,卵巢和或阔韧带
小跖骨,小跖骨
前葡萄膜,前葡萄膜
前葡萄膜,前色素层
胸壁骨骼肌,胸壁骨骼肌
涎腺 ,涎腺 
拇指肌肉骨骼,拇指肌肉骨骼
脑回,脑回
腱鞘,腱鞘
眼睑层,眼睑层
内耳前庭,内耳前庭
腕关节,腕关节
腕关节,桡腕关节
足部肌腱和腱鞘,足部肌腱和腱鞘
器官实质,器官实质
软骨组织,软骨组织
软骨组织,软骨
头颈部淋巴结,头颈部淋巴结
头颈部淋巴结,头颈淋巴结
喉骨,喉骨
喉骨,喉骨
胃肠道粘膜,胃肠道粘膜
舌,舌
外鼻,外鼻
中脑部分,中脑部分
掌骨部分,掌骨部分
腹股沟区域,腹股沟区域
腹股沟区域,腹股沟区
喉软骨,喉软骨
肌肉组织,肌肉组织
肌肉组织,肌肉
中指,中指
骶椎肌肉骨骼,骶椎肌肉骨骼
甲状腺和[或]甲状旁腺,甲状腺和或甲状旁腺
桡骨和[或]尺骨,桡骨和或尺骨
下肢滑膜囊,下肢滑膜囊
下肢滑膜囊,下肢滑囊
卵巢,卵巢
骨盆淋巴结,骨盆淋巴结
骨盆淋巴结,盆腔淋巴结
肢体淋巴系统,肢体淋巴系统
指[趾]神经,指趾神经
中央听觉系统,中央听觉系统
小指,小指
肩部区域关节,肩部区域关节
肩部区域关节,肩区关节
无名指,无名指
无名指,环指
造血前体细胞,造血前体细胞
胸部淋巴结,胸部淋巴结
胸部淋巴结,胸淋巴结
鼓室腔,鼓室腔
鼓室腔,鼓室
肛门区域,肛门区域
肛门区域,肛门区
肛门区域,肛区
联合纤维和束,联合纤维和束
食指,食指
面部皮下组织,面部皮下组织
面部皮下组织,面部皮下
细胞器,细胞器
会阴皮肤,会阴皮肤
支气管肺段,支气管肺段
眼纤维膜,眼纤维膜
淋巴器官部分,淋巴器官部分
前面部皮肤,前面部皮肤
前面部皮肤,面前部皮肤
前面部皮肤,面前皮肤
小趾关节(第二至四趾),小趾关节第二至四趾
足趾皮肤,足趾皮肤
足趾皮肤,足指皮肤
胰腺部分,胰腺部分
平滑肌(组织),平滑肌组织
椎间韧带,椎间韧带
椎管,椎管
关节滑膜组织,关节滑膜组织
大脑回,大脑回
前面部部分皮肤,前面部部分皮肤
前面部部分皮肤,面前部部分皮肤
胸内淋巴系统,胸内淋巴系统
颈部淋巴系统,颈部淋巴系统
胃区,胃区
心室节段,心室节段
肾层,肾层
女性会阴,女性会阴
鳃器,鳃器
右上肢,右上肢
大拇趾,大拇趾
大拇趾,大脚趾
腹膜皱襞,腹膜皱襞
腹膜皱襞,腹膜折叠
腹膜皱襞,腹膜褶
指韧带,指韧带
腹内脏动脉,腹内脏动脉
腹部骨骼肌,腹部骨骼肌
腹部骨骼肌,腹肌
纵隔淋巴系统,纵隔淋巴系统
生殖区域,生殖区域
生殖区域,生殖区
鼻窦,鼻窦
跗骨间关节,跗骨间关节
跗骨间关节,跗间关节
上皮,上皮
左上肢,左上肢
外胚,外胚
外胚,胚外
股骨,股骨
股骨,大腿骨
十二指肠,十二指肠
胎儿结构,胎儿结构
面部口区,面部口区
面部口区,口面区
面部口区,面口区
指[趾]甲,指趾甲
股骨部分,股骨部分
膀胱部分,膀胱部分
腹主动脉腹侧支,腹主动脉腹侧支
腹主动脉腹侧支,腹主动脉前支
上肢骨骼关节面,上肢骨骼关节面
上肢骨骼关节面,上肢骨关节面
臂丛神经分布,臂丛神经分布
左半脸,左半脸
左半脸,左半边脸
左半脸,左脸
锁骨下静脉支流,锁骨下静脉支流
锁骨下静脉支流,锁骨下静脉支
浅表静脉,浅表静脉
浅表静脉,浅静脉
基底节和囊,基底节和囊
生殖区域皮肤,生殖区域皮肤
生殖区域皮肤,生殖区皮肤
组织层,组织层
结膜和角膜表面,结膜和角膜表面
右半脸,右半脸
右半脸,右半边脸
右半脸,右脸
躯体神经丛,躯体神经丛
肘关节,肘关节
精索,精索
足部肌肉,足部肌肉
足部肌肉,脚部肌肉
指肌腱和[或]肌腱鞘,指肌腱和或肌腱鞘
声门上结构,声门上结构
眼部血管,眼部血管
眼部血管,眼血管
胸椎韧带,胸椎韧带
臂神经丛分支,臂神经丛分支
臂神经丛分支,臂丛分支
臂神经丛分支,臂丛神经分支
臂神经丛分支,臂丛神经支
耳蜗道,耳蜗道
脑脊髓液通路,脑脊髓液通路
跗骨关节面,跗骨关节面
屈肌肌腱,屈肌肌腱
屈肌肌腱,屈肌腱
颅盖,颅盖
颅盖,头盖
颅盖,颅顶板
肛门部皮肤,肛门部皮肤
肛门部皮肤,肛门皮肤
上躯干皮肤,上躯干皮肤
上躯干皮肤,上半身皮肤
上躯干皮肤,上身皮肤
舌、腭、咽和[或]鼻骨骼肌,舌腭咽和或鼻骨骼肌
骨盆骨骼肌,骨盆骨骼肌
淋巴系统细分,淋巴系统细分
颅内静脉,颅内静脉
指掌骨,指掌骨
泪道,泪道
导管(器官部分),导管器官部分
唾液腺,唾液腺
唾液腺,涎液腺
唾液腺,唾腺
食管部分,食管部分
指骨远节骨结构,指骨远节骨结构
躯干淋巴管,躯干淋巴管
头部淋巴系统,头部淋巴系统
睾丸,睾丸
腋区,腋区
腋区,腋窝
纤维关节,纤维关节
胸部皮肤和皮下组织,胸部皮肤和皮下组织
横窦支流,横窦支流
横窦支流,横窦支
女性外生殖器,女性外生殖器
淋巴结群,淋巴结群
结膜,结膜
左心室心肌,左心室心肌
左心室心肌,左室心肌
左心室心肌,左心室肌
肛门,肛门
肛门,肛
肩关节,肩关节
肩关节,盂肱关节
肢体淋巴结,肢体淋巴结
上肢骨骺,上肢骨骺
趾部部分皮肤,趾部部分皮肤
岩上窦支流,岩上窦支流
岩上窦支流,岩上窦支
手掌,手掌
背部深层肌肉,背部深层肌肉
背部深层肌肉,背部深肌
鼻腔,鼻腔
髋骨,髋骨
胸椎间盘,胸椎间盘
鼻呼吸区域,鼻呼吸区域
鼻呼吸区域,鼻呼吸区
口咽,口咽
足部皮下组织,足部皮下组织
足部皮下组织,足部皮下
足部皮下组织,足皮下
外生殖器皮肤,外生殖器皮肤
头部、眼眶和[或]颈部筋膜,头部眼眶和或颈部筋膜
子宫颈部分,子宫颈部分
异常细胞,异常细胞
阴道,阴道
下肢静脉系统,下肢静脉系统
牙根,牙根
牙根,齿根
颈神经系统,颈神经系统
骶骨,骶骨
骶骨,荐骨
淋巴细胞组织,淋巴细胞组织
手部皮下组织,手部皮下组织
手部皮下组织,手部皮下
手部皮下组织,手皮下
踝关节,踝关节
踝关节,踝铰链
踝关节,距小腿关节
踝关节,脚踝骱
颈部淋巴结,颈部淋巴结
颈部淋巴结,颈淋巴结
下肢骨骺,下肢骨骺
上肢关节和[或]肌腱滑膜,上肢关节和或肌腱滑膜
下肢筋膜,下肢筋膜
结肠,结肠
门静脉系统,门静脉系统
髋关节周围骨,髋关节周围骨
胎儿部分,胎儿部分
上尿道,上尿道
远端指间关节,远端指间关节
远端指间关节,远侧指间关节
远端指间关节,指间远端关节
远端指间关节,指间远侧关节
远端指间关节,指间关节远侧
远端指间关节,指间关节远端
关节软骨,关节软骨
卵巢部分,卵巢部分
脑束,脑束
脑束,脑神经束
鼻窦汇流支流,鼻窦汇流支流
鼻窦汇流支流,鼻窦汇流支
锁骨区域,锁骨区域
锁骨区域,锁骨区
子宫体,子宫体
子宫体,宫体
阴道部分,阴道部分
胫骨,胫骨
听小骨,听小骨
听小骨,听骨
听小骨,耳小骨
听小骨,耳骨
胸椎关节突,胸椎关节突
肋骨结节,肋骨结节
肋骨结节,肋结节
腕关节韧带,腕关节韧带
解剖参考平面,解剖参考平面
头颈部肌腱,头颈部肌腱
头颈部肌腱,头颈肌腱
肋缘,肋缘
肋面,肋面
指间关节韧带,指间关节韧带
听觉通路,听觉通路
听觉通路,听通路
听觉通路,听通道
听觉通路,听传导通路
上肢筋膜室,上肢筋膜室
会阴骨骼肌,会阴骨骼肌
会阴骨骼肌,会阴肌
大腿骨骼肌,大腿骨骼肌
大腿骨骼肌,大腿肌
手指皮肤,手指皮肤
趾骨,趾骨
趾骨,足趾骨
趾骨,足指骨
跖骨部分,跖骨部分
脊髓白质,脊髓白质
肝脏分段,肝脏分段
肝脏分段,肝段
肌腱附着点,肌腱附着点
肌腱附着点,附着点
肌腱附着点,起止点
上颌牙,上颌牙
上颌牙,上颌齿
上颌牙,上颌颊牙
上颌牙,上颌颊齿
下颌牙,下颌牙
下颌牙,下颌齿
下颌牙,下颌颊牙
下颌牙,下颌颊齿
心脏传导系统,心脏传导系统
臀,臀
肱骨,肱骨
脊髓区域,脊髓区域
脊髓区域,脊髓区
男性尿路,男性尿路
颧骨和[或]上颌骨,颧骨和或上颌骨
中央感觉视觉系统,中央感觉视觉系统
脑膜,脑膜
跖趾关节,跖趾关节
嘴唇,嘴唇
嘴唇,唇
颅缝关节,颅缝关节
纵隔淋巴结,纵隔淋巴结
固有肌层,固有肌层
胫骨部分,胫骨部分
舌部,舌部
颅内神经,颅内神经
下肢关节囊,下肢关节囊
软骨结合,软骨结合
软骨结合,软骨联结
软骨结合,软骨联合
脑表面,脑表面
右肺肺叶,右肺肺叶
右肺肺叶,右肺叶
前臂肌肉,前臂肌肉
前臂肌肉,前臂肌
前臂肌肉,下臂肌肉
胸部中央,胸部中央
细胞表面和[或]相关结构,细胞表面和或相关结构
睾丸部分,睾丸部分
肛门部分,肛门部分
睾丸旁,睾丸旁
足趾皮下组织,足趾皮下组织
足趾皮下组织,足趾皮下
腰骶段脊髓,腰骶段脊髓
腰骶段脊髓,腰骶部脊髓
腰骶段脊髓,腰骶脊髓
腰骶段脊髓,脊髓腰骶部
腰骶段脊髓,脊髓腰骶段
牙齿硬组织,牙齿硬组织
牙齿硬组织,齿硬组织
生殖器皮肤,生殖器皮肤
作用于上肢关节的肌肉,作用于上肢关节的肌肉
骨盆器官血管,骨盆器官血管
骨盆器官血管,骨盆脏器血管
骨盆器官血管,盆腔器官血管
骨盆器官血管,盆腔脏器血管
按位置分类的滑囊,按位置分类的滑囊
髂外静脉支流,髂外静脉支流
髂外静脉支流,髂外静脉支
肋间静脉,肋间静脉
肾上腺,肾上腺
肱骨部分,肱骨部分
手指部分皮肤,手指部分皮肤
指骨远节(除外拇指指骨),指骨远节除外拇指指骨
腹部皮肤和皮下组织,腹部皮肤和皮下组织
椎体,椎体
骨盆筋膜,骨盆筋膜
上肢筋膜,上肢筋膜
颅神经核,颅神经核
颅神经核,脑神经核
胆管,胆管
手指肌腱,手指肌腱
手指肌腱,手指腱
肾皮质,肾皮质
骶骨骨结构,骶骨骨结构
甲状腺,甲状腺
掌指关节,掌指关节
间质组织,间质组织
肋骨结合,肋骨结合
肋骨结合,肋骨接合
肋骨结合,肋骨联合
指间关节副韧带,指间关节副韧带
指间关节副韧带,指间关节侧副韧带
体液细胞群,体液细胞群
乳牙,乳牙
乳牙,暂牙
踝骨,踝骨
男性尿道,男性尿道
小脑蚓部和后叶,小脑蚓部和后叶
手内肌,手内肌
小脑脑叶,小脑脑叶
小脑脑叶,小脑叶
毛发,毛发
毛发,头发
腘绳肌[腿后肌群]和[或]肌腱,腘绳肌腿后肌群和或肌腱
面部骨骼肌,面部骨骼肌
面部骨骼肌,面肌
隔膜,隔膜
骨骼肌头,骨骼肌头
静脉网,静脉网
静脉网,静脉网络
大脑脚,大脑脚
阴唇,阴唇
小腿骨骼肌,小腿骨骼肌
小腿骨骼肌,小腿肌
足部肌腱,足部肌腱
足部肌腱,足腱
胸骨区域,胸骨区域
胸骨区域,胸骨区
鳃弓,鳃弓
磨牙,磨牙
磨牙,臼齿
颈部区域脊柱韧带,颈部区域脊柱韧带
颈部区域脊柱韧带,颈区脊柱韧带
颈部区域脊柱韧带,颈脊柱韧带
颈部区域脊柱韧带,颈椎韧带
脑干束,脑干束
脑干束,脑干道
海绵窦支流,海绵窦支流
海绵窦支流,海绵窦支
作用于背部的肌肉,作用于背部的肌肉
虹膜,虹膜
头皮,头皮
头皮,头被
肺下叶,肺下叶
下颌骨,下颌骨
冠状动脉部分,冠状动脉部分
手部动脉,手部动脉
手部动脉,手动脉
胚胎泌尿生殖系统,胚胎泌尿生殖系统
眼睑前板,眼睑前板
眼睑前板,睑前板
丘脑核,丘脑核
上肢短骨,上肢短骨
中脑被盖,中脑被盖
脑静脉,脑静脉
关节半月板,关节半月板
关节半月板,半月板
膀胱穴位,膀胱穴位
传导通路,传导通路
"房室(非二尖瓣,非三尖瓣)瓣膜",房室非二尖瓣非三尖瓣瓣膜
垂体和[或]松果体,垂体和或松果体
手腕和[或]手张骨骺,手腕和或手张骨骺
隔膜部分,隔膜部分
胆管部分,胆管部分
作用于椎间关节的肌肉,作用于椎间关节的肌肉
腕骨,腕骨
下颌部分,下颌部分
横断面,横断面
横断面,水平面
横断面,横切面
横断面,横面
脊髓段,脊髓段
左肺肺叶,左肺肺叶
左肺肺叶,左肺叶
男性尿道部分,男性尿道部分
下肢关节和[或]肌腱滑膜,下肢关节和或肌腱滑膜
作用于下肢关节的肌肉,作用于下肢关节的肌肉
肾实质,肾实质
指[趾]间隙,指趾间隙
胸部皮肤,胸部皮肤
肾皮质小叶,肾皮质小叶
足跟,足跟
足跟,脚后跟
足跟,跟
足跟,脚跟
切牙,切牙
颈部软组织,颈部软组织
头颈韧带,头颈韧带
未配对椎间融合,未配对椎间融合
上肢关节囊,上肢关节囊
眼和眼眶动脉,眼和眼眶动脉
颈丛神经分布,颈丛神经分布
手部闭合间隙,手部闭合间隙
作用于上肢关节的肌肉结构,作用于上肢关节的肌肉结构
结肠淋巴结,结肠淋巴结
腹腔,腹腔
小腿腓肠部分,小腿腓肠部分
小腿腓肠部分,腓肠部分
免疫细胞,免疫细胞
脑膜间隙,脑膜间隙
泪道引流,泪道引流
肠壁,肠壁
动脉壁,动脉壁
视网膜血管,视网膜血管
交感干,交感干
嗅觉系统,嗅觉系统
前腹壁,前腹壁
前腹壁,腹前壁
胚胎静脉,胚胎静脉
膝关节韧带,膝关节韧带
指[趾]骨底,指趾骨底
指[趾]骨头,指趾骨头
盆腔外生殖器,盆腔外生殖器
颈神经丛分支,颈神经丛分支
颈神经丛分支,颈丛神经分支
颈神经丛分支,颈丛分支
颈神经丛分支,颈丛神经支
细胞膜结构,细胞膜结构
指间关节副韧带(除外拇指),指间关节副韧带除外拇指
下肢筋膜室,下肢筋膜室
胃肠道血管,胃肠道血管
作用于手部关节的肌肉,作用于手部关节的肌肉
左侧视觉系统,左侧视觉系统
左侧视觉系统,左视觉系统
鼓膜,鼓膜
肠粘膜,肠粘膜
膝盖和[或]腿部和[或]踝关节皮肤,膝盖和或腿部和或踝关节皮肤
髋部和下肢肌腱和腱鞘,髋部和下肢肌腱和腱鞘
背部皮肤和皮下组织,背部皮肤和皮下组织
双边配对结构,双边配对结构
右侧视觉系统,右侧视觉系统
右侧视觉系统,右视觉系统
腹盆部交感神经系统,腹盆部交感神经系统
黄韧带,黄韧带
横突间韧带,横突间韧带
棘间韧带,棘间韧带
棘间韧带,棘突间韧带
骨盆腹膜,骨盆腹膜
骨盆腹膜,盆腔腹膜
深静脉,深静脉
大脑半球白质部分,大脑半球白质部分
小腿肌腱,小腿肌腱
胸部部分皮肤,胸部部分皮肤
上肢腱鞘,上肢腱鞘
左眼区域,左眼区域
左眼区域,左眼区
尺骨,尺骨
肺叶支气管,肺叶支气管
牙槽突,牙槽突
牙槽突,齿槽突
牙槽突,牙齿槽突
前列腺腺区,前列腺腺区
子宫膜,子宫膜
右眼区域,右眼区域
右眼区域,右眼区
肝外导管,肝外导管
肛管,肛管
脑桥核,脑桥核
肾单位,肾单位
表皮,表皮
大脑背盖,大脑背盖
大脑背盖,脑背
上颌骨,上颌骨
上纵隔,上纵隔
脊椎横突,脊椎横突
脊椎横突,椎体横突
腹部淋巴系统,腹部淋巴系统
嗅脑,嗅脑
指[趾]骨体,指趾骨体
左心室段,左心室段
左心室段,左室段
足部关节囊,足部关节囊
足部关节囊,足关节囊
前房和[或]晶状体,前房和或晶状体
指骨近节(除外拇指部分),指骨近节除外拇指部分
胚胎感觉器官,胚胎感觉器官
肠血管,肠血管
肺动脉分支,肺动脉分支
肺动脉分支,肺动脉支
指[趾]间关节囊,指趾间关节囊
椎管骨结构,椎管骨结构
直窦支流,直窦支流
直窦支流,直窦支
阴囊,阴囊
产后物,产后物
产后物,胞衣
脊髓膜,脊髓膜
脊髓膜,脊膜
上肢静脉系统,上肢静脉系统
椎板,椎板
椎板,椎骨板
椎板,椎弓板
小趾皮肤(第二至四趾),小趾皮肤第二至四趾
尿道区域,尿道区域
尿道区域,尿道区
下肢淋巴系统,下肢淋巴系统
股静脉支流,股静脉支流
股静脉支流,股静脉支
脑桥被盖部,脑桥被盖部
脊髓灰质,脊髓灰质
下躯干皮下组织,下躯干皮下组织
下躯干皮下组织,下半身皮下组织
下躯干皮下组织,下躯干皮下
下躯干皮下组织,下半身皮下
脊椎棘突,脊椎棘突
面神经,面神经
面神经,第7对脑神经
面神经,第vii对脑神经
面神经,第7对颅神经
面神经,第vii对颅神经
面神经,第7脑神经
面神经,第vii脑神经
面神经,第7颅神经
面神经,第vii颅神经
颈部韧带,颈部韧带
颈部韧带,颈韧带
椎弓根,椎弓根
椎间孔,椎间孔
前臂、手、指筋膜,前臂手指筋膜
胚胎神经系统,胚胎神经系统
肺内肺动脉,肺内肺动脉
食管区域,食管区域
食管区域,食管区
食管区域,食道区
男性尿道区域,男性尿道区域
男性尿道区域,男性尿道区
椎孔,椎孔
拇趾肌肉骨骼,拇趾肌肉骨骼
脊椎下关节突,脊椎下关节突
脊椎下关节突,椎下关节突
远端指间关节(除外拇指部分),远端指间关节除外拇指部分
上喉口,上喉口
胚外膜,胚外膜
胎盘,胎盘
眼晶状体,眼晶状体
眼晶状体,晶状体
尺骨部分,尺骨部分
胸骨部分,胸骨部分
上肢区域,上肢区域
上肢区域,臂区
上肢区域,上肢区
乳房区,乳房区
乳房区,乳腺区
解剖参考线,解剖参考线
回肠结肠淋巴结,回肠结肠淋巴结
回肠结肠淋巴结,回结肠淋巴结
感觉传导通路,感觉传导通路
感觉传导通路,感觉通路
椎体上关节突,椎体上关节突
毛囊皮脂腺器,毛囊皮脂腺器
毛囊皮脂腺器,毛囊器
颅面肌,颅面肌
下颌神经,下颌神经
骨盆皮下组织,骨盆皮下组织
骨盆皮下组织,盆腔皮下组织
骨盆皮下组织,骨盆皮下
骨盆皮下组织,盆腔皮下
椎间隙,椎间隙
椎间盘纤维环,椎间盘纤维环
椎间盘髓核,椎间盘髓核
男性会阴皮肤,男性会阴皮肤
左冠状动脉分支,左冠状动脉分支
左冠状动脉分支,左冠状动脉支
左冠状动脉分支,左冠支
肾动脉分支,肾动脉分支
肾动脉分支,肾动脉支
中脑核,中脑核
膜性前庭,膜性前庭
膜性前庭,膜前庭
前腹壁层,前腹壁层
前腹壁层,腹前壁层
足趾神经,足趾神经
特殊细胞结构,特殊细胞结构
近端指间关节,近端指间关节
近端指间关节,近侧指间关节
近端指间关节,指间近端关节
近端指间关节,指间近侧关节
近端指间关节,指间关节近端
近端指间关节,指间关节近侧
上肢滑膜囊,上肢滑膜囊
上肢滑膜囊,上肢滑囊
耳部皮肤,耳部皮肤
自主神经丛神经节,自主神经丛神经节
腹部皮肤,腹部皮肤
胸膜囊,胸膜囊
段支气管,段支气管
段支气管,肺段支气管
肩关节和[或]肘关节韧带,肩关节和或肘关节韧带
躯干肌腱,躯干肌腱
骶棘,骶棘
眼眶肌肉,眼眶肌肉
眼眶肌肉,眶肌
母细胞,母细胞
母细胞,胚细胞
膜迷路耳蜗部分,膜迷路耳蜗部分
手指皮下组织,手指皮下组织
手指皮下组织,手指皮下
肋骨头,肋骨头
耳蜗管,耳蜗管
耳蜗管,蜗管
牙冠,牙冠
牙冠,齿冠
输尿管,输尿管
脐区,脐区
脐区,中腹部
脐区,脐部
上颌部分,上颌部分
掌指关节(除外拇指部分),掌指关节除外拇指部分
指神经,指神经
三齿面,三齿面
腹神经丛,腹神经丛
腹神经丛,腹丛
腹神经丛,腹丛神经
半规道,半规道
近端下肢动脉,近端下肢动脉
近端下肢动脉,下肢近端动脉
内分泌器官血管,内分泌器官血管
骨性前庭,骨性前庭
骨性前庭,骨前庭
跖骨关节面,跖骨关节面
跖骨关节面,跖关节面
手屈肌肌腱,手屈肌肌腱
手屈肌肌腱,手屈肌腱
大脑大静脉支流,大脑大静脉支流
大脑大静脉支流,大脑大静脉支
髂内静脉支流,髂内静脉支流
髂内静脉支流,髂内静脉支
纤维组织,纤维组织
口底,口底
腕骨间关节,腕骨间关节
腕骨间关节,腕间关节
肺上叶,肺上叶
颈部脊髓,颈部脊髓
颈部脊髓,脊髓颈部
颈部脊髓,脊髓颈段
颈部脊髓,颈脊髓
交感神经节,交感神经节
内胚层,内胚层
颈部静脉,颈部静脉
上肢静脉,上肢静脉
脑沟,脑沟
视觉通路,视觉通路
视觉通路,视通路
视觉通路,视路
手部部分皮肤,手部部分皮肤
腹部部分皮肤,腹部部分皮肤
男性生殖器皮肤,男性生殖器皮肤
原始主动脉,原始主动脉
巩膜,巩膜
移植物,移植物
移植物,移植片
移植物,移植体
移植物,移植块
输卵管,输卵管
蛛网膜下腔,蛛网膜下腔
蛛网膜下腔,蛛网膜下间隙
恒牙,恒牙
恒牙,恒齿
恒牙,永久牙
腹腔动脉,腹腔动脉
肩胛骨,肩胛骨
牙龈粘膜,牙龈粘膜
牙龈粘膜,龈粘膜
大唾液腺,大唾液腺
指[趾]甲部,指趾甲部
指[趾]甲部,指甲部
指[趾]甲部,趾甲部
迷走神经分支,迷走神经分支
迷走神经分支,迷走神经支
子宫壁,子宫壁
单齿面,单齿面
脊柱区黄韧带,脊柱区黄韧带
脊柱内横韧带,脊柱内横韧带
脊柱区棘间韧带,脊柱区棘间韧带
心室传导通路,心室传导通路
胚胎心脏,胚胎心脏
胚胎心脏,胚胎心
胚胎肠,胚胎肠
心脏瓣膜旁,心脏瓣膜旁
心脏瓣膜旁,心瓣膜旁
胚胎骨骼,胚胎骨骼
眼动脉分支,眼动脉分支
眼动脉分支,眼动脉支
胸内动脉分支,胸内动脉分支
胸内动脉分支,胸内动脉支
头皮和[或]颈部皮肤,头皮和或颈部皮肤
手内肌间隙,手内肌间隙
胸部脊神经,胸部脊神经
胸部脊神经,胸脊神经
胸部脊神经,脊神经胸部
胸部脊神经,脊神经胸段
精囊管,精囊管
副交感神经系统,副交感神经系统
腰椎间盘,腰椎间盘
胸部脊髓,胸部脊髓
胸部脊髓,胸脊髓
左肺段,左肺段
髂淋巴结,髂淋巴结
横突棘肌,横突棘肌
足跖肌,足跖肌
足跖肌,足底肌
心血管系统细分,心血管系统细分
足趾部分(除外拇趾部分),足趾部分除外拇趾部分
面部关节,面部关节
脑膜区域,脑膜区域
脑膜区域,脑膜区
十二指肠部分,十二指肠部分
前列腺周围腺区,前列腺周围腺区
腹腔内孔,腹腔内孔
腹腔内孔,腹内孔
上肢淋巴系统,上肢淋巴系统
纤维软骨性关节,纤维软骨性关节
纤维软骨性关节,纤维软骨性联合
纤维软骨性关节,纤维软骨关节
纤维软骨性关节,纤维软骨联合
下丘脑区域,下丘脑区域
下丘脑区域,下丘脑区
中脑束,中脑束
骨干部分,骨干部分
前列腺左半部,前列腺左半部
前列腺左半部,左侧前列腺
前列腺左半部,左前列腺
前列腺左半部,前列腺左侧
前列腺右半部,前列腺右半部
前列腺右半部,右侧前列腺
前列腺右半部,右前列腺
前列腺右半部,前列腺右侧
指骨头,指骨头
足趾肌腱和腱鞘,足趾肌腱和腱鞘
胰腺外分泌,胰腺外分泌
肺淋巴样组织,肺淋巴样组织
指骨基底,指骨基底
指骨基底,指骨基底
角膜,角膜
右肺段,右肺段
腰椎交感神经系统,腰椎交感神经系统
前臂肌腱,前臂肌腱
前臂肌腱,下臂肌腱
手关节囊,手关节囊
耳部分皮肤,耳部分皮肤
中指指骨,中指指骨
中指指骨,中指骨
小趾跖趾关节(第二至四趾),小趾跖趾关节第二至四趾
尺动脉分支,尺动脉分支
尺动脉分支,尺动脉支
面静脉支流,面静脉支流
面静脉支流,面静脉支
楔形骨,楔形骨
脑区,脑区
颈部皮肤和皮下组织,颈部皮肤和皮下组织
红系细胞,红系细胞
奇静脉支流,奇静脉支流
奇静脉支流,奇静脉支
骺板,骺板
骺板,骨骺板
骺板,骨骺线
骺板,骺软骨板
泌尿生殖器官,泌尿生殖器官
下肢淋巴结,下肢淋巴结
睫状体,睫状体
膝关节半月板,膝关节半月板
膝关节半月板,膝半月板
肋间肌,肋间肌
肝表面,肝表面
低位肠,低位肠
额筛窦,额筛窦
近端股骨,近端股骨
近端股骨,近侧股骨
近端股骨,股骨近端
近端股骨,股骨近侧
小趾部分皮肤(第二至四趾),小趾部分皮肤第二至四趾
无名指指骨,无名指指骨
无名指指骨,无名指骨
无名指指骨,环指指骨
无名指指骨,环指骨
小指指骨,小指指骨
小指指骨,小指骨
足底,足底
足底,脚掌
足底,足心
足底,脚心
粘膜下层,粘膜下层
中指指骨(除外拇指部分),中指指骨除外拇指部分
食指指骨,食指指骨
食指指骨,食指骨
腹膜腔,腹膜腔
大脑动脉,大脑动脉
肝叶,肝叶
腹部穴位,腹部穴位
面神经分支,面神经分支
面神经分支,面神经支
男性外阴部分皮肤,男性外阴部分皮肤
作用于肩关节区域的肌肉,作用于肩关节区域的肌肉
下肢关节软骨,下肢关节软骨
膝关节滑膜,膝关节滑膜
踝间关节韧带,踝间关节韧带
胚胎尿路,胚胎尿路
门静脉支流,门静脉支流
门静脉支流,门静脉支
掌骨关节面,掌骨关节面
布劳德曼皮层分区,布劳德曼皮层分区
布劳德曼皮层分区,brodmann区
布劳德曼皮层分区,brodmann区
布劳德曼皮层分区,布罗德曼野
布劳德曼皮层分区,视觉投射野
布劳德曼皮层分区,大脑视区
腹部淋巴管,腹部淋巴管
小腿隔室,小腿隔室
前列腺前段,前列腺前段
拇指指骨,拇指指骨
拇指指骨,拇指骨
细胞质包涵体,细胞质包涵体
蝶骨,蝶骨
脾脏部分,脾脏部分
腰区脊柱韧带,腰区脊柱韧带
腰区脊柱韧带,腰区脊韧带
肺表面特征,肺表面特征
甲板,甲板
指骨远节,指骨远节
指骨远节,指骨远段
指骨远节,指骨远侧
指骨远节,远节指骨
指骨远节,远端指骨
指骨远节,远侧指骨
阴囊部分,阴囊部分
眼神经,眼神经
腱下滑膜囊,腱下滑膜囊
腱下滑膜囊,腱下滑囊腱下囊
指骨体,指骨体
指骨体,指骨干
子宫颈管,子宫颈管
子宫颈管,宫颈管
肋椎关节,肋椎关节
神经纤维,神经纤维
会阴皮下组织,会阴皮下组织
手部筋膜,手部筋膜
上肢表面区域,上肢表面区域
上肢表面区域,上肢浅表区域上肢表面区上肢浅表区
足内肌肌腱,足内肌肌腱
足内肌肌腱,足内肌腱
胆囊穴,胆囊穴
下丘脑核,下丘脑核
阴囊壁,阴囊壁
腹壁肌间隙,腹壁肌间隙
髋关节骨骼肌,髋关节骨骼肌
髋关节骨骼肌,髋关节肌
骨骼肌附着点,骨骼肌附着点
胫骨远端和[或]腓骨,胫骨远端和或腓骨
基底动脉分支,基底动脉分支
基底动脉分支,基底动脉支
上肢周围神经区域,上肢周围神经区域
上肢周围神经区域,上肢周围外周区域
上肢周围神经区域,上肢末梢神经区域
上肢周围神经区域,上肢周围神经区
上肢周围神经区域,上肢周围外周区
上肢周围神经区域,上肢末梢神经区
腰神经丛分布,腰神经丛分布
前臂屈肌,前臂屈肌
腋静脉支流,腋静脉支流
腋静脉支流,腋静脉支
下肢深静脉系统,下肢深静脉系统
顶叶,顶叶
臂神经丛,臂神经丛
臂神经丛,臂丛
臂神经丛,臂丛神经
腰骶脊神经根,腰骶脊神经根
耳廓皮肤,耳廓皮肤
中枢神经系统束,中枢神经系统束
伸肌肌腱,伸肌肌腱
伸肌肌腱,伸肌腱
阴蒂,阴蒂
胸部脊神经根,胸部脊神经根
胸部脊神经根,胸段脊神经根
眼外肌,眼外肌
内囊,内囊
腓骨,腓骨
皮片,皮片
盆腔带韧带,盆腔带韧带
膝关节半月板部分,膝关节半月板部分
大腿皮肤和皮下组织,大腿皮肤和皮下组织
颈椎关节突,颈椎关节突
迷走神经内脏支,迷走神经内脏支
腰椎关节突,腰椎关节突
掌指关节韧带,掌指关节韧带
甲状软骨,甲状软骨
硬膜下间隙,硬膜下间隙
硬膜下间隙,硬膜下隙
硬膜下间隙,硬膜下腔隙
硬膜下间隙,硬膜下腔
桡骨,桡骨
桡骨,桡
踝关节韧带,踝关节韧带
踝关节韧带,踝韧带
胰管,胰管
胰管,胰腺管
大脑内侧面,大脑内侧面
大脑内侧面,大脑内面
肠系膜动脉,肠系膜动脉
骶椎,骶椎
附睾,附睾
附睾,副睾
肠系膜,肠系膜
肠系膜,盲膜
脊髓白质柱,脊髓白质柱
阴道区域,阴道区域
阴道区域,阴道区
骨盆消化道,骨盆消化道
骨盆消化道,盆腔消化道
延髓核,延髓核
染色体结构,染色体结构
跖骨骨骺,跖骨骨骺
楔形骨关节面,楔形骨关节面
甲状腺部分,甲状腺部分
眼区皮肤,眼区皮肤
肾区,肾区
指屈肌肌腱,指屈肌肌腱
指屈肌肌腱,指屈肌腱
趾骨远节,趾骨远节
趾骨远节,趾骨远侧
趾骨远节,趾骨远端
趾骨远节,远节趾骨
趾骨远节,远侧趾骨
趾骨远节,远端趾骨
听骨骨结构,听骨骨结构
胸内静脉支流,胸内静脉支流
胸内静脉支流,胸内静脉支
膝关节滑膜囊,膝关节滑膜囊
膝关节滑膜囊,膝关节滑囊
膝关节滑膜囊,膝关节囊
胸淋巴管,胸淋巴管
眼眶软组织,眼眶软组织
眼眶软组织,眶软组织
眼眶软组织,眶周软组织
回肠,回肠
咽部肌肉,咽部肌肉
咽部肌肉,咽肌
皮肤区域毛发,皮肤区域毛发
食管三分之一,食管三分之一
食管三分之一,三分之一食管
食管三分之一,三分之一食道
食管三分之一,食道三分之一
视网膜区域,视网膜区域
视网膜区域,视网膜区
胫骨近端和[或]腓骨,胫骨近端和或腓骨
肾上腺部分,肾上腺部分
前列腺移行区,前列腺移行区
外生殖器皮下组织,外生殖器皮下组织
下肢浅静脉系统,下肢浅静脉系统
直肠,直肠
上睑,上睑
上睑,上眼睑
上睑,上睥
小脑裂,小脑裂
关节突关节,关节突关节
小趾趾骨,小趾趾骨
小趾趾骨,小足趾趾骨
小趾趾骨,小足指趾骨
小趾趾骨,小脚趾趾骨
小趾趾骨,小脚指趾骨
小趾趾骨,小趾骨
小趾趾骨,小足趾骨
小趾趾骨,小脚趾骨
胚胎期结构,胚胎期结构
输卵管部分,输卵管部分
手内肌肌腱,手内肌肌腱
手内肌肌腱,手内肌腱
指骨头(除外拇指指骨),指骨头除外拇指指骨
眼区部分皮肤,眼区部分皮肤
膝关节骨骼,膝关节骨骼
膝关节骨骼,膝关节骨
膝关节骨骼,膝区骨骼
膝关节骨骼,膝部骨骼
肘关节周围骨,肘关节周围骨
大脑后动脉分支,大脑后动脉分支
大脑后动脉分支,大脑后动脉支
镜下肝,镜下肝
卵巢层,卵巢层
踝关节软组织,踝关节软组织
踝关节软组织,踝部软组织
踝关节软组织,踝区软组织
头皮皮肤和皮下组织,头皮皮肤和皮下组织
颈外静脉支流,颈外静脉支流
颈外静脉支流,颈外静脉支
肱二头肌和[或]肌腱,肱二头肌和或肌腱
第五趾,第五趾
第五趾,第五足趾
第五趾,第5趾
牙槽,牙槽
牙槽,齿槽
第二趾,第二趾
第二趾,第二足趾
第二趾,第2趾
精囊,精囊
第三趾,第三趾
第三趾,第三足趾
第三趾,第3趾
第四趾,第四趾
第四趾,第四足趾
第四趾,第4趾
腓骨部分,腓骨部分
阴蒂部分,阴蒂部分
下肢深静脉,下肢深静脉
上颌动脉分支,上颌动脉分支
上颌动脉分支,上颌动脉支
腹膜隐窝,腹膜隐窝
大脑皮质区域,大脑皮质区域
大脑皮质区域,大脑皮质区
后葡萄膜,后葡萄膜
踝关节和[或]足部滑膜,踝关节和或足部滑膜
眶壁,眶壁
外阴皮肤和[或]粘膜,外阴皮肤和或粘膜
腹主动脉丛,腹主动脉丛
外耳皮下组织,外耳皮下组织
枢椎,枢椎
枢椎,第二颈椎
枢椎,第2颈椎
枢椎,颈2
红细胞,红细胞
胎头,胎头
掌指关节侧副韧带,掌指关节侧副韧带
掌指关节侧副韧带,掌指关节副韧带
小脑蚓部,小脑蚓部
前列腺尖,前列腺尖
外耳道,外耳道
脑岛和盖,脑岛和盖
器官囊,器官囊
体腔系统,体腔系统
胚胎主动脉弓,胚胎主动脉弓
桡骨部分,桡骨部分
输尿管部分,输尿管部分
下肢浅静脉,下肢浅静脉
膝关节囊内韧带,膝关节囊内韧带
头部肌腱,头部肌腱
颈部肌腱,颈部肌腱
乳房象限,乳房象限
指骨底(除外拇指指骨),指骨底除外拇指指骨
阴茎勃起结构,阴茎勃起结构
脊髓脑脊液通路,脊髓脑脊液通路
肾源性脐带衍生物,肾源性脐带衍生物
胚胎口,胚胎口
髋关节滑膜,髋关节滑膜
掌骨骨骺,掌骨骨骺
舌面区域,舌面区域
舌面区域,舌面区
颞叶层,颞叶层
角膜部分,角膜部分
嘴唇部分,嘴唇部分
动眼神经系统,动眼神经系统
动眼神经系统,眼球运动系
动眼神经系统,动眼系统
锁骨关节,锁骨关节
锁骨关节,锁关节
骨盆滑膜囊,骨盆滑膜囊
骨盆滑膜囊,骨盆滑囊
前列腺中区,前列腺中区
甲状旁腺,甲状旁腺
左眼,左眼
下颌骨体,下颌骨体
下颌骨体,下颌体
头部淋巴结,头部淋巴结
头部淋巴结,头淋巴结
阴茎皮肤,阴茎皮肤
上肢淋巴结,上肢淋巴结
细支气管,细支气管
输精管,输精管
粘液腺(器官成分),粘液腺器官成分
背部皮肤,背部皮肤
Corti器,corti器
Corti器,螺旋器
Corti器,柯替氏器
Corti器,corti器
Corti器,科蒂器
Corti器,柯替器
颈椎间盘,颈椎间盘
横断肌,横断肌
脑内囊部分,脑内囊部分
蝶骨部分,蝶骨部分
腹内区域,腹内区域
腹内区域,腹内区
纵隔部肺动脉,纵隔部肺动脉
纵隔部肺动脉,纵隔区肺动脉
纵隔部肺动脉,纵隔段肺动脉
纵隔部肺动脉,肺动脉纵隔部
纵隔部肺动脉,肺动脉纵隔区
纵隔部肺动脉,肺动脉纵隔段
脊椎经皮,脊椎经皮
精索组成,精索组成
龟头、阴茎和[或]包皮结构,龟头阴茎和或包皮结构
脾脏区域,脾脏区域
脾脏区域,脾脏区
脾脏区域,脾区
肋间后静脉,肋间后静脉
下肢腱鞘,下肢腱鞘
趾内侧面,趾内侧面
趾内侧面,足趾内侧面
趾内侧面,足指内侧面
趾内侧面,趾内面
趾内侧面,足趾内面
趾内侧面,足指内面
小肠粘膜,小肠粘膜
趾外侧面,趾外侧面
趾外侧面,足趾外侧面
趾外侧面,足指外侧面
趾外侧面,趾外面
趾外侧面,足趾外面
趾外侧面,足指外面
平面关节,平面关节
平面关节,滑动关节
右眼,右眼
岛叶,岛叶
心内膜,心内膜
趾跖面,趾跖面
趾跖面,趾足底面
趾跖面,跖面
粒系细胞,粒系细胞
甲床,甲床
脉络膜,脉络膜
基底膜,基底膜
基底膜,底膜
基底膜,基膜
牙腔,牙腔
胃壁,胃壁
牙合面,牙合面
解剖组织模式,解剖组织模式
趾背面,趾背面
趾背面,足趾背面
趾背面,足指背面
籽骨,籽骨
籽骨,小骨
身体部分细分,身体部分细分
腹膜腔区域,腹膜腔区域
腹膜腔区域,腹膜腔区
背部肌腱,背部肌腱
喉韧带,喉韧带
前列腺结缔组织,前列腺结缔组织
前庭开口,前庭开口
毛发附属物,毛发附属物
主静脉系统,主静脉系统
线粒体结构,线粒体结构
头颈淋巴管,头颈淋巴管
桥脑神经核,桥脑神经核
髁突,髁突
髁突,骨阜
髁突,髁状
髁突,髁
髁突,骨节
髁突,骨阜
肺外淋巴结,肺外淋巴结
筋膜室筋膜,筋膜室筋膜
旧皮质,旧皮质
旧皮质,原皮质
旧皮质,古皮质
旧皮质,原始皮质
肘关节软组织,肘关节软组织
趾间隙,趾间隙
趾间隙,足趾间隙
趾间隙,足指间隙
Waldeyer环,waldeyer环
Waldeyer环,waldeyer环
Waldeyer环,瓦耳代尔环
Waldeyer环,瓦耳代尔氏环
Waldeyer环,扁桃体环
Waldeyer环,咽淋巴环
Waldeyer环,瓦尔代尔氏扁桃体环
指内侧面,指内侧面
指内侧面,指内面
髂骨,髂骨
柔脑膜,柔脑膜
脊神经神经节,脊神经神经节
脊神经神经节,脊神经节
跟骨,跟骨
小脑后叶,小脑后叶
染色体,染色体
指外侧面,指外侧面
指外侧面,指外面
鼻部皮肤,鼻部皮肤
阴茎部分皮肤,阴茎部分皮肤
背部部分皮肤,背部部分皮肤
皮肤表面特征,皮肤表面特征
肱骨关节部分,肱骨关节部分
小腿皮肤和皮下组织,小腿皮肤和皮下组织
肩峰区域,肩峰区域
肩峰区域,肩峰区
骨盆壁关节,骨盆壁关节
骨盆壁关节,盆壁关节
作用于足部关节的肌肉,作用于足部关节的肌肉
作用于拇指关节的肌肉,作用于拇指关节的肌肉
牙髓,牙髓
前列腺底,前列腺底
牙龈附着面,牙龈附着面
牙龈附着面,龈附着面
颅神经神经节,颅神经神经节
颅神经神经节,颅神经节
颈交感神经系统,颈交感神经系统
唾液管,唾液管
唾液管,涎腺导管
唾液管,唾管
唾液管,涎管
耳廓皮下组织,耳廓皮下组织
耳廓皮下组织,耳廓皮下
胸主动脉降支,胸主动脉降支
胸主动脉降支,降胸主动脉
胸主动脉降支,胸降主动脉
气管部分,气管部分
唾液腺部分,唾液腺部分
肩胛骨部分,肩胛骨部分
肺基底段,肺基底段
肺基底段,肺底段
双齿面,双齿面
四齿面,四齿面
椎体水平,椎体水平
尺神经分支,尺神经分支
尺神经分支,尺神经支
视网膜层,视网膜层
肝脏表面特征,肝脏表面特征
桥脑束,桥脑束
上颌突,上颌突
骶神经丛分布,骶神经丛分布
胸骨关节,胸骨关节
足后肌,足后肌
肘部皮肤和皮下组织,肘部皮肤和皮下组织
髋关节滑膜囊,髋关节滑膜囊
髋关节滑膜囊,髋关节滑囊髋关节囊
纵韧带,纵韧带
下肢前部,下肢前部
前列腺后部,前列腺后部
指背侧面,指背侧面
指背侧面,指背面
左肺下叶,左肺下叶
左肺下叶,肺左下叶
左肺下叶,左下肺叶
左肺下叶,左肺下
左肺下叶,肺左下
左肺下叶,左下肺
耳蜗轴,耳蜗轴
耳蜗轴,蜗轴
副交感神经,副交感神经
颈神经神经根,颈神经神经根
颈神经神经根,颈神经根
下咽,下咽
下咽,咽下
肝内胆管,肝内胆管
鼻眶骨复合体,鼻眶骨复合体
髂骨部分,髂骨部分
静脉系统细分,静脉系统细分
面区,面区
面区,脸区
腕骨间韧带,腕骨间韧带
腕骨间韧带,腕间韧带
鼻部部分皮肤,鼻部部分皮肤
腋窝淋巴系统,腋窝淋巴系统
臀部和[或]大腿皮肤,臀部和或大腿皮肤
眼睑和眼周区皮肤,眼睑和眼周区皮肤
上臂皮肤和皮下组织,上臂皮肤和皮下组织
左下肢关节,左下肢关节
右下肢关节,右下肢关节
右肺下叶,右肺下叶
房室束,房室束
房室束,his束
房室束,his束
第八肋,第八肋
第八肋,第8肋
第八肋,第viii肋
尿道海绵体部分,尿道海绵体部分
寰椎,寰椎
寰椎,第一颈椎
寰椎,第1颈椎
寰椎,颈1
第五肋,第五肋
第五肋,第5肋
第五肋,第v肋
拇趾趾骨,拇趾趾骨
拇趾趾骨,拇趾骨
顶盖,顶盖
第九肋,第九肋
第九肋,第9肋
第九肋,第ix肋
第二跖骨,第二跖骨
第二跖骨,第2跖骨
第七肋,第七肋
第七肋,第7肋
第七肋,第vii肋
第四肋,第四肋
第四肋,第4肋
第四肋,第iv肋
硬膜外间隙,硬膜外间隙
硬膜外间隙,硬膜外隙
硬膜外间隙,硬膜外腔
髋臼,髋臼
肋骨体,肋骨体
肋骨体,肋体
第十二肋骨,第十二肋骨
第十二肋骨,第12肋
第十二肋骨,第xii肋
竖脊肌,竖脊肌
竖脊肌,立脊肌
第一肋,第一肋
第一肋,第1肋
第一肋,第i肋
牙龈游离面,牙龈游离面
牙龈游离面,龈游离面
颞叶皮层,颞叶皮层
第十一肋骨,第十一肋骨
第十一肋骨,第11肋
第十一肋骨,第xi肋
乳突,乳突
第六肋,第六肋
第六肋,第6肋
第六肋,第vi肋
舌背,舌背
阴茎体,阴茎体
肝动脉,肝动脉
杓状软骨,杓状软骨
第十肋,第十肋
第十肋,第10肋
第十肋,第x肋
第二肋,第二肋
第二肋,第2肋
第二肋,第ii肋
半规管,半规管
心脏表面,心脏表面
心脏表面,心表面
上颌神经,上颌神经
心肉柱,心肉柱
心肉柱,肉柱
肌肉骨骼系统细分,肌肉骨骼系统细分
手掌区,手掌区
腹膜后区，不包括主要器官,腹膜后区不包括主要器官
跗中关节,跗中关节
脊髓静脉,脊髓静脉
掌指关节韧带(除外拇指部分),掌指关节韧带除外拇指部分
近端指间关节韧带(除外拇指部分),近端指间关节韧带除外拇指部分
远端指间关节韧带(除外拇指部分),远端指间关节韧带除外拇指部分
竖脊肌肌腱,竖脊肌肌腱
肩关节或上臂肌腱,肩关节或上臂肌腱
胸部表面区域,胸部表面区域
胸部表面区域,胸部浅表区域
胸部表面区域,胸廓表面区域
胸部表面区域,胸廓浅表区域
胸部表面区域,胸部表面区
胸部表面区域,胸部浅表区
胸部表面区域,胸廓表面区
胸部表面区域,胸廓浅表区
指骨干(除外拇指部分),指骨干除外拇指部分
指骨颈,指骨颈
尿道口,尿道口
颈神经丛深支,颈神经丛深支
颈神经丛深支,颈丛神经深支
颈神经丛深支,颈丛深支
腰神经丛,腰神经丛
腰神经丛,腰丛神经
腰神经丛,腰丛
骶神经丛,骶神经丛
骶神经丛,骶丛神经
骶神经丛,骶丛
胚胎眼,胚胎眼
胚胎面部,胚胎面部
初级腹腔干分支,初级腹腔干分支
男性生殖静脉,男性生殖静脉
阴部内动脉分支,阴部内动脉分支
阴部内动脉分支,阴部内动脉支
生殖神经,生殖神经
镜下毛发,镜下毛发
三尖瓣子部,三尖瓣子部
胸部神经,胸部神经
胸部神经,胸神经
眼上静脉支流,眼上静脉支流
眼上静脉支流,眼上静脉支
趾间关节囊,趾间关节囊
趾间关节囊,足趾间关节囊
趾间关节囊,足指间关节囊
眼睑后板,眼睑后板
眼睑后板,睑后板
异常红细胞,异常红细胞
髌骨,髌骨
髌骨,髌
髌骨,伏兔骨
髌骨,膝盖骨
髌骨,膝节
髌骨,小盘
髌骨,吸跗节
髌骨,膝盖
海马体,海马体
前臂浅屈肌,前臂浅屈肌
作用于腰椎间关节的肌肉,作用于腰椎间关节的肌肉
下肢骨髓,下肢骨髓
右足,右足
右足,右脚
胸腺,胸腺
胃幽门部,胃幽门部
胃幽门部,幽门
女性生殖器皮肤,女性生殖器皮肤
左足,左足
左足,左脚
锁骨,锁骨
指掌面,指掌面
腱膜,腱膜
耳轮,耳轮
远端肱骨,远端肱骨
远端肱骨,远侧肱骨
远端肱骨,肱骨远端
远端肱骨,肱骨远侧
胸膜部分,胸膜部分
脑室部分,脑室部分
手掌表面区,手掌表面区
手掌表面区,手掌浅表区
手掌表面区,掌浅表区
躯干表面区,躯干表面区
躯干表面区,躯干浅表区
指[趾]间部分皮肤,指趾间部分皮肤
腮腺唾液器,腮腺唾液器
肩部和上臂皮肤,肩部和上臂皮肤
指[趾]血管,指趾血管
双腔关节,双腔关节
双腔关节,双轴关节
跟骨部分,跟骨部分
足底皮肤和皮下组织,足底皮肤和皮下组织
副房室束,副房室束
空肠,空肠
细胞质细丝,细胞质细丝
骨骼肌腹,骨骼肌腹
骨骼肌腹,肌腹
肾小体,肾小体
髋关节韧带,髋关节韧带
胃肠肌层,胃肠肌层
脂肪组织,脂肪组织
胸骨,胸骨
远端胫骨,远端胫骨
远端胫骨,远侧胫骨
远端胫骨,胫骨远端
远端胫骨,胫骨远侧
肝总动脉,肝总动脉
鼻中隔,鼻中隔
鼻中隔,鼻柱
鼻中隔,鼻梁
椎静脉系统,椎静脉系统
咽鼓管,咽鼓管
解剖学连接,解剖学连接
腕掌关节,腕掌关节
近端肱骨,近端肱骨
近端肱骨,近侧肱骨
近端肱骨,肱骨近端
近端肱骨,肱骨近侧
手指和拇指皮肤,手指和拇指皮肤
足底肌肌腱,足底肌肌腱
足底肌肌腱,足底肌腱
脊柱穴,脊柱穴
Nogier耳穴,nogier耳穴
足静脉,足静脉
臂丛内侧索分支,臂丛内侧索分支
臂丛内侧索分支,臂丛内侧索支
睾丸结缔组织,睾丸结缔组织
阴茎纤维,阴茎纤维
胸神经丛,胸神经丛
胸神经丛,胸丛
胸神经丛,胸神经丛
胸神经丛,胸丛神经
扁桃体和腺样体,扁桃体和腺样体
远端桡骨和[或]尺骨,远端桡骨和或尺骨
共同(非二尖瓣，非三尖瓣)房室瓣,共同非二尖瓣非三尖瓣房室瓣
共同(非二尖瓣，非三尖瓣)房室瓣,共同房室瓣
上肢关节软骨,上肢关节软骨
肛管内衬,肛管内衬
宫颈管壁,宫颈管壁
近端指间关节副韧带(除外拇指部分),近端指间关节副韧带除外拇指部分
远端指间关节副韧带(除外拇指部分),远端指间关节副韧带除外拇指部分
掌指关节副韧带(除外拇指部分),掌指关节副韧带除外拇指部分
右叶支气管,右叶支气管
延髓束,延髓束
镜下胰腺,镜下胰腺
指骨关节面,指骨关节面
近端趾骨,近端趾骨
近端趾骨,近侧趾骨
近端趾骨,指骨近端
近端趾骨,指骨近侧
腓肌和[或]肌腱,腓肌和或肌腱
指缩肌,指缩肌
肩袖，包括肌肉和肌腱,肩袖包括肌肉和肌腱
喉肌,喉肌
眼睑皮肤,眼睑皮肤
眼睑皮肤,睑部皮肤
颞下颌关节,颞下颌关节
颞下颌关节,颞颌关节
腋窝淋巴结,腋窝淋巴结
脐,脐
上肢浅静脉系统,上肢浅静脉系统
骶骨关节,骶骨关节
粒细胞,粒细胞
鼓膜区域,鼓膜区域
鼓膜区域,鼓膜区
督脉穴,督脉穴
华佗奇穴,华佗奇穴
肾集合系统,肾集合系统
Healey和Schroy肝段,healey和schroy肝段
皮肤皱褶,皮肤皱褶
近端腕骨,近端腕骨
近端腕骨,近侧腕骨
近端腕骨,腕骨近端
近端腕骨,腕骨近侧
远端股骨,远端股骨
远端股骨,远侧腕骨
远端股骨,腕骨远端
远端股骨,腕骨远侧
膝关节皮肤和皮下组织,膝关节皮肤和皮下组织
下乳牙,下乳牙
上乳牙,上乳牙
上臂骨骼肌,上臂骨骼肌
颊肌,颊肌
大脑基底面,大脑基底面
大脑基底面,大脑基底
大脑基底面,大脑底面
Willis环,willis环
Willis环,willis环
Willis环,大脑动脉环
胸椎椎间孔,胸椎椎间孔
胸椎椎间孔,胸椎间孔
外阴前庭,外阴前庭
锤骨,锤骨
鼻骨,鼻骨
颈部皮肤,颈部皮肤
犬齿,犬齿
胸椎弓,胸椎弓
肾小管,肾小管
膀胱底,膀胱底
膀胱底,膀胱尖
第四趾骨,第四趾骨
第四趾骨,第4趾骨
提肋肌,提肋肌
提肋肌,肋提肌
口腔,口腔
肘部皮肤,肘部皮肤
第三趾骨,第三趾骨
第三趾骨,第3趾骨
第二趾骨,第二趾骨
第二趾骨,第2趾骨
趾甲,趾甲
迷走神经,迷走神经
迷走神经,第11对脑神经
迷走神经,第xi对脑神经
迷走神经,第11对颅神经
迷走神经,第xi对颅神经
迷走神经,第11脑神经
迷走神经,第xi脑神经
迷走神经,第11颅神经
迷走神经,第xi颅神经
颞叶回,颞叶回
趾间关节,趾间关节
趾间关节,足趾间关节
趾间关节,足指间关节
异常造血细胞,异常造血细胞
左肺内肺动脉,左肺内肺动脉
骨骼系统细分,骨骼系统细分
拇指关节,拇指关节
跖趾神经,跖趾神经
跖趾神经,足底趾神经
腹部前表面皮肤,腹部前表面皮肤
椎间盘水平,椎间盘水平
胸部前表面皮肤,胸部前表面皮肤
女性盆腔动脉,女性盆腔动脉
肾穴,肾穴
女性尿路,女性尿路
颈神经丛浅支,颈神经丛浅支
颈神经丛浅支,颈丛浅支
颈神经丛浅支,颈丛神经浅支
视网膜细分,视网膜细分
手指和拇指部分皮肤,手指和拇指部分皮肤
骨盆淋巴系统,骨盆淋巴系统
腹股沟区淋巴系统,腹股沟区淋巴系统
胚胎前期结构,胚胎前期结构
右肺动脉分支,右肺动脉分支
右肺动脉分支,右肺动脉支
左肺动脉分支,左肺动脉分支
左肺动脉分支,左肺动脉支
腹膜韧带,腹膜韧带
肋间神经,肋间神经
肋间神经,胸神经腹支
前肋间静脉,前肋间静脉
指甲,指甲
鱼际肌间隔,鱼际肌间隔
干细胞,干细胞
前臂伸肌,前臂伸肌
腓肠三头肌和[或]肌腱,腓肠三头肌和或肌腱
解剖点,解剖点
颅内硬膜下间隙,颅内硬膜下间隙
颅内硬膜下间隙,颅内硬膜下隙
颅内硬膜下间隙,颅内硬膜下腔
副神经,副神经
副神经,第10对脑神经
副神经,第x对脑神经
副神经,第10对颅神经
副神经,第x对颅神经
副神经,第10脑神经
副神经,第x脑神经
副神经,第10颅神经
副神经,第x颅神经
门静脉,门静脉
左肺上叶,左肺上叶
肩关节韧带,肩关节韧带
真皮,真皮
肠静脉,肠静脉
手指间隙,手指间隙
手指间隙,指间隙
上腹,上腹
盆底,盆底
骨性眼眶,骨性眼眶
骨性眼眶,骨性眶
上肢浅表静脉,上肢浅表静脉
上肢浅表静脉,上肢浅静脉
上肢浅表静脉,上臂浅表静脉
上肢浅表静脉,上臂浅静脉
头颅静脉,头颅静脉
头颅静脉,颅静脉
足筋膜,足筋膜
幽门部分,幽门部分
中医耳穴,中医耳穴
卵巢区域,卵巢区域
卵巢区域,卵巢区
垂体部分,垂体部分
大腿皮肤,大腿皮肤
支气管部分,支气管部分
第五跖骨,第五跖骨
第五跖骨,第5跖骨
胸椎椎间盘纤维环,胸椎椎间盘纤维环
胸椎椎间盘纤维环,胸椎间盘纤维环
腹股沟淋巴结,腹股沟淋巴结
小脑脚,小脑脚
妊娠子宫,妊娠子宫
肋角,肋角
肝小叶,肝小叶
额叶回,额叶回
子宫韧带,子宫韧带
肋沟,肋沟
胸椎椎弓根,胸椎椎弓根
胸椎椎弓根,胸椎弓根
肋内面,肋内面
近端胫骨,近端胫骨
近端胫骨,近侧胫骨
近端胫骨,胫骨近端
近端胫骨,胫骨近侧
舌咽神经,舌咽神经
舌咽神经,第9对脑神经
舌咽神经,第ix对脑神经
舌咽神经,第9对颅神经
舌咽神经,第ix对颅神经
舌咽神经,第9脑神经
舌咽神经,第ix脑神经
舌咽神经,第9颅神经
舌咽神经,第ix颅神经
中肾管,中肾管
中肾管,中肾
第三肋,第三肋
第三肋,第3肋
第三肋,第iii肋
胸椎体,胸椎体
肋头嵴,肋头嵴
胸椎棘突,胸椎棘突
小动脉,小动脉
小动脉,微动脉
膝关节肌腱和腱鞘,膝关节肌腱和腱鞘
乳磨牙,乳磨牙
纹状体,纹状体
肋骨下缘,肋骨下缘
肋骨下缘,肋骨下
肋骨下缘,肋下
肋骨外面,肋骨外面
肋骨外面,肋骨外
肋骨外面,肋外
肠系膜上动脉,肠系膜上动脉
女性生殖器皮下组织,女性生殖器皮下组织
肋软骨,肋软骨
胸椎椎间盘髓核,胸椎椎间盘髓核
胸椎椎间盘髓核,胸椎间盘髓核
肋横突关节,肋横突关节
骨盆淋巴管,骨盆淋巴管
骨盆淋巴管,盆腔淋巴管
卵巢皮质,卵巢皮质
下眼睑,下眼睑
下眼睑,下睑
胸椎下关节突,胸椎下关节突
胸椎横突,胸椎横突
中胚层,中胚层
阑尾,阑尾
乳房小叶,乳房小叶
乳房小叶,乳小叶
肋骨结节非关节部分,肋骨结节非关节部分
肋结节关节部分,肋结节关节部分
肝左叶,肝左叶
肝左叶,左肝叶
肝左叶,左肝
周围感觉结构,周围感觉结构
周围感觉结构,外周感觉结构
周围感觉结构,末梢感觉结构
肋骨颈,肋骨颈
肋骨颈,肋颈
绒毛膜,绒毛膜
胸交感神经系统,胸交感神经系统
胎骨,胎骨
胸椎椎板,胸椎椎板
胸椎椎板,胸椎板
胸椎椎间盘间隙,胸椎椎间盘间隙
胸椎椎间盘间隙,胸椎间盘间隙
椭圆囊,椭圆囊
颈椎弓,颈椎弓
第七颈椎,第七颈椎
第七颈椎,第7颈椎
第七颈椎,颈7
近端骨骺,近端骨骺
近端骨骺,近侧骨骺
近端骨骺,骨骺近端
近端骨骺,骨骺近侧
第四跖骨,第四跖骨
第四跖骨,第4跖骨
牙尖,牙尖
肋骨上缘,肋骨上缘
肋骨上缘,肋上缘
近端胃,近端胃
近端胃,近侧胃
右肺内肺动脉,右肺内肺动脉
附睾部分,附睾部分
上肢皮神经,上肢皮神经
后小腿肌腱,后小腿肌腱
后小腿肌腱,小腿后肌腱
结肠区域,结肠区域
结肠区域,结肠区
左肺下叶段,左肺下叶段
阴道壁,阴道壁
指神经(除外拇指部分),指神经除外拇指部分
肌腱区域,肌腱区域
肌腱区域,肌腱区
臂神经丛后束,臂神经丛后束
臂神经丛后束,臂丛后束
臂神经丛后束,臂丛神经后束
乳房腺体,乳房腺体
乳房腺体,乳腺
小腿和[或]跗骨关节,小腿和或跗骨关节
胸椎椎孔,胸椎椎孔
胸椎椎孔,胸椎孔
颈部部分皮肤,颈部部分皮肤
腹前面部皮肤,腹前面部皮肤
腹前面部皮肤,腹前部皮肤
腹前面部皮肤,前腹部皮肤
肘部部分皮肤,肘部部分皮肤
子宫血管,子宫血管
肌肉肌腱联合,肌肉肌腱联合
内鼻血管,内鼻血管
内鼻血管,鼻内血管
女性生殖静脉,女性生殖静脉
肩区滑膜,肩区滑膜
肩区滑膜,肩关节滑膜
肩区滑膜,肩部滑膜
第五趾关节,第五趾关节
第五趾关节,第5趾关节
下肢关节滑膜,下肢关节滑膜
大脑前动脉分支,大脑前动脉分支
大脑前动脉分支,大脑前动脉支
髂内动脉前支,髂内动脉前支
口咽壁,口咽壁
趾关节面,趾关节面
上颌骨牙槽突,上颌骨牙槽突
上颌骨牙槽突,上颌牙槽突
体细胞,体细胞
胸椎旁肌群,胸椎旁肌群
右肩带或上肢关节,右肩带或上肢关节
骶段脊髓,骶段脊髓
骶段脊髓,骶髓
骶段脊髓,骶脊髓
骶段脊髓,骶部脊髓
骶段脊髓,脊髓骶部
骶段脊髓,脊髓骶段
泪腺,泪腺
胸椎上关节突,胸椎上关节突
玻璃体腔,玻璃体腔
近端尺骨,近端尺骨
近端尺骨,近侧尺骨
近端尺骨,尺骨近端
近端尺骨,尺骨近侧
腰髓,腰髓
腰髓,腰脊髓
腰髓,脊髓腰部
腰髓,脊髓腰段
龟头,龟头
龟头,阴茎头
龟头,阴头
除寰椎或枢椎外的颈椎关节,除寰椎或枢椎外的颈椎关节
耻骨,耻骨
舌下区域,舌下区域
舌下区域,舌下区
骶段脊神经根,骶段脊神经根
骶段脊神经根,骶脊神经根
骶段脊神经根,骶神经根
骶段脊神经根,脊神经骶部
骶段脊神经根,脊神经骶段
腘绳肌肌腱,腘绳肌肌腱
腘绳肌肌腱,腘绳肌腱
脉穴,脉穴
脊髓胸段,脊髓胸段
女性外阴部皮肤,女性外阴部皮肤
大腿部分皮肤,大腿部分皮肤
胸腰椎区域脊柱,胸腰椎区域脊柱
作用于肩关节的肌肉,作用于肩关节的肌肉
精囊部分,精囊部分
部分肩袖，包括肌肉和肌腱,部分肩袖包括肌肉和肌腱
指[趾]动脉,指趾动脉
下颌牙槽部分,下颌牙槽部分
前臂皮肤和皮下组织,前臂皮肤和皮下组织
手腕皮肤和皮下组织,手腕皮肤和皮下组织
左肩带或上肢关节,左肩带或上肢关节
肝脏脏面,肝脏脏面
肝脏脏面,肝脏面
声门,声门
子宫内膜,子宫内膜
面神经运动分支,面神经运动分支
面神经运动分支,面神经运动支
第四颈椎,第四颈椎
第四颈椎,第4颈椎
第四颈椎,颈4
环状软骨,环状软骨
上唇,上唇
鼻泪管,鼻泪管
尾椎,尾椎
第一跖骨,第一跖骨
第一跖骨,第1跖骨
上颌牙龈,上颌牙龈
上颌牙龈,上颌龈
卵巢滤泡,卵巢滤泡
距跟舟骨关节,距跟舟骨关节
距跟舟骨关节,距跟舟关节
肾髓质,肾髓质
乳头状肌,乳头状肌
乳头状肌,乳头肌
砧骨,砧骨
第六颈椎,第六颈椎
第六颈椎,第6颈椎
第六颈椎,颈6
第五颈椎,第五颈椎
第五颈椎,第5颈椎
第五颈椎,颈5
舌下神经,舌下神经
舌下神经,第12对脑神经
舌下神经,第xii对脑神经
舌下神经,第12对颅神经
舌下神经,第xii对颅神经
舌下神经,第12脑神经
舌下神经,第xii脑神经
舌下神经,第12颅神经
舌下神经,第xii颅神经
喉内肌,喉内肌
内收肌,内收肌
内收肌,收肌
四叠体,四叠体
四叠体,四迭体
脊髓后角灰质,脊髓后角灰质
肝脏膈面,肝脏膈面
肝脏膈面,肝膈面
肋间隙,肋间隙
肋间隙,肋间间隙
上颌骨牙槽弓,上颌骨牙槽弓
上颌骨牙槽弓,上颌牙槽弓
旧小脑,旧小脑
旧小脑,古小脑
内囊后肢,内囊后肢
淋巴滤泡,淋巴滤泡
第四掌骨,第四掌骨
第四掌骨,第4掌骨
毛囊,毛囊
上躯干皮下组织,上躯干皮下组织
上躯干皮下组织,上半身皮下组织
上躯干皮下组织,上躯干皮下
上躯干皮下组织,上半身皮下
肾小球,肾小球
第三掌骨,第三掌骨
第三掌骨,第3掌骨
颈神经丛,颈神经丛
颈神经丛,颈丛
颈神经丛,颈丛神经
吞噬细胞,吞噬细胞
外阴皮下组织,外阴皮下组织
远端骨骺,远端骨骺
远端骨骺,远侧骨骺
肘关节韧带,肘关节韧带
面突,面突
第三跖骨,第三跖骨
第三跖骨,第3跖骨
腹股沟管,腹股沟管
解剖孔,解剖孔
臀部软组织,臀部软组织
心脏腱索,心脏腱索
第三颈椎,第三颈椎
第三颈椎,第3颈椎
第三颈椎,颈3
跖骨头,跖骨头
膝动脉,膝动脉
Willis环动脉,willis环动脉
Willis环动脉,willis环动脉
胸椎黄韧带,胸椎黄韧带
胸椎横突间韧带,胸椎横突间韧带
胸椎横突间韧带,胸椎横韧带
胸椎棘突间韧带,胸椎棘突间韧带
胸椎棘突间韧带,胸椎棘间韧带
肋骨韧带,肋骨韧带
掌动脉,掌动脉
足动脉,足动脉
髋关节囊状韧带,髋关节囊状韧带
髋关节囊状韧带,髋关节囊韧带
前臂屈肌腱,前臂屈肌腱
右肺下叶段,右肺下叶段
牙龈附着区粘膜,牙龈附着区粘膜
三焦穴,三焦穴
颅骨孔,颅骨孔
淋巴干,淋巴干
结膜区,结膜区
视网膜动脉分支,视网膜动脉分支
视网膜动脉分支,视网膜动脉支
胸前部皮肤,胸前部皮肤
胸前部皮肤,前胸部皮肤
作用于掌指关节的肌肉,作用于掌指关节的肌肉
膝关节软骨,膝关节软骨
膝关节软骨,膝软骨
心脏瓣膜环,心脏瓣膜环
心脏瓣膜环,心瓣膜环
胚胎耳,胚胎耳
原始心脏间隔,原始心脏间隔
含有毛发的汗腺皮肤,含有毛发的汗腺皮肤
胫腓关节,胫腓关节
躯干关节囊,躯干关节囊
镜下睾丸,镜下睾丸
内侧下丘脑核,内侧下丘脑核
冠状动脉段,冠状动脉段
胚胎椎体,胚胎椎体
桡动脉分支,桡动脉分支
桡动脉分支,桡动脉支
颈内动脉分支,颈内动脉分支
颈内动脉分支,颈内动脉支
椎静脉支流,椎静脉支流
乳切牙,乳切牙
中趾骨,中趾骨
中趾骨,足中指骨
中趾骨,中足趾骨
基底静脉支流,基底静脉支流
指间关节囊,指间关节囊
头皮细分区域,头皮细分区域
肛门皮肤和[或]粘膜,肛门皮肤和或粘膜
背部颈胸区,背部颈胸区
骶髂关节和耻骨联合韧带,骶髂关节和耻骨联合韧带
视神经,视神经
视神经,第2对脑神经
视神经,第ii对脑神经
视神经,第2对颅神经
视神经,第ii对颅神经
视神经,第2脑神经
视神经,第ii脑神经
视神经,第2颅神经
视神经,第ii颅神经
右腿,右腿
棘突上韧带,棘突上韧带
棘突上韧带,棘上韧带
丘脑下结构,丘脑下结构
足底皮肤,足底皮肤
足底皮肤,足心皮肤
足底皮肤,脚底皮肤
足底皮肤,脚心皮肤
下颌骨牙槽弓,下颌骨牙槽弓
下颌骨牙槽弓,下颌牙槽弓
鼻甲,鼻甲
玻璃体,玻璃体
左小腿,左小腿
单核细胞,单核细胞
膝部皮肤,膝部皮肤
膝部皮肤,膝关节皮肤
膝部皮肤,膝区皮肤
尾骨区域,尾骨区域
尾骨区域,尾骨区
右手,右手
小鱼际区域,小鱼际区域
小鱼际区域,小鱼际区
胎盘部分,胎盘部分
纵隔上淋巴结,纵隔上淋巴结
颈内动脉区域,颈内动脉区域
盆腔淋巴结组,盆腔淋巴结组
拇指指骨部,拇指指骨部
拇指指骨部,拇指骨部
跖骨区域,跖骨区域
跖骨区域,跖骨区
下叶支气管,下叶支气管
胸腺部分,胸腺部分
远端趾间关节,远端趾间关节
远端趾间关节,远侧趾间关节
远端趾间关节,趾间远侧关节
远端趾间关节,
远端趾间关节,趾间远端关节
异形红细胞,异形红细胞
踝关节皮肤和皮下组织,踝关节皮肤和皮下组织
髌骨滑膜囊,髌骨滑膜囊
髌骨滑膜囊,髌骨滑囊髌囊
肱二头肌肌腱或附着物,肱二头肌肌腱或附着物
胼胝体部分,胼胝体部分
主动脉-髂动脉交界处,主动脉髂动脉交界处
第三胸椎,第三胸椎
第三胸椎,第3胸椎
第三胸椎,胸3
牙根管,牙根管
牙根管,根管
背部皮下组织,背部皮下组织
背部皮下组织,背部皮下
右膝关节区域,右膝关节区域
右膝关节区域,右膝关节区
第十胸椎,第十胸椎
第十胸椎,第10胸椎
第十胸椎,胸10
掌骨头,掌骨头
第八胸椎,第八胸椎
第八胸椎,第8胸椎
第八胸椎,胸8
大脑中动脉皮质分支,大脑中动脉皮质分支
大脑中动脉皮质分支,大脑中动脉皮层支
耳郭软骨,耳郭软骨
耳郭软骨,耳软骨
第四腰椎,第四腰椎
第四腰椎,第4腰椎
第四腰椎,腰4
第十一胸椎,第十一胸椎
第十一胸椎,第11胸椎
第十一胸椎,胸11
踝区,踝区
第二腰椎,第二腰椎
第二腰椎,第2腰椎
第二腰椎,腰2
鼻软骨,鼻软骨
鼻软骨,鼻柱骨
尿道粘膜,尿道粘膜
口咽侧壁,口咽侧壁
镫骨,镫骨
软脑脊膜,软脑脊膜
软脑脊膜,软脑膜
软脑脊膜,软膜
第十二胸椎,第十二胸椎
第十二胸椎,第12胸椎
第十二胸椎,胸12
脑缔合纤维,脑缔合纤维
听骨韧带,听骨韧带
听骨韧带,听韧带
小脑前叶,小脑前叶
第三腰椎,第三腰椎
第三腰椎,第3腰椎
第三腰椎,腰3
下丘脑内侧核,下丘脑内侧核
右肺上叶,右肺上叶
右肺上叶,右上肺叶
右肺上叶,肺右上叶
右肺上叶,右上肺
右肺上叶,肺右上
颅窝,颅窝
第六胸椎,第六胸椎
第六胸椎,第6胸椎
第六胸椎,胸6
肝右叶,肝右叶
肝右叶,右肝叶
肝右叶,右肝
面部淋巴结,面部淋巴结
面部淋巴结,面淋巴结
第五腰椎,第五腰椎
第五腰椎,第5腰椎
第五腰椎,腰5
下丘脑尾区,下丘脑尾区
第二胸椎,第二胸椎
第二胸椎,第2胸椎
第二胸椎,胸2
皮下囊,皮下囊
动眼神经,动眼神经
动眼神经,第3对脑神经
动眼神经,第iii对脑神经
动眼神经,第3对颅神经
动眼神经,第iii对颅神经
动眼神经,第3脑神经
动眼神经,第iii脑神经
动眼神经,第3颅神经
动眼神经,第iii颅神经
第五胸椎,第五胸椎
第五胸椎,第5胸椎
第五胸椎,胸5
下颌牙龈,下颌牙龈
下颌牙龈,下颌龈
胸部皮下组织,胸部皮下组织
胸部皮下组织,胸部皮下
脸颊,脸颊
脸颊,颊
脸颊,鼽
脸颊,腮
第七胸椎,第七胸椎
第七胸椎,第7胸椎
第七胸椎,胸7
第一胸椎,第一胸椎
第一胸椎,第1胸椎
第一胸椎,胸1
第一腰椎,第一腰椎
第一腰椎,第1腰椎
第一腰椎,腰1
第四胸椎,第四胸椎
第四胸椎,第4胸椎
第四胸椎,胸4
棘间肌,棘间肌
额骨,额骨
前磨牙,前磨牙
静脉窦,静脉窦
前列腺间质组织,前列腺间质组织
第九胸椎,第九胸椎
第九胸椎,第9胸椎
第九胸椎,胸9
视网膜静脉,视网膜静脉
盂唇,盂唇
小唾液腺,小唾液腺
面部口周区皮肤,面部口周区皮肤
平滑肌括约肌,平滑肌括约肌
下肢穿通静脉,下肢穿通静脉
骨架细分,骨架细分
心脏瓣膜尖,心脏瓣膜尖
心脏瓣膜尖,心瓣膜尖
手指表面区域,手指表面区域
手指表面区域,手指表面区
手指表面区域,手指浅表区域
手指表面区域,手指浅表区
右冠状动脉支,右冠状动脉支
右冠状动脉支,右冠支
膝关节囊状韧带,膝关节囊状韧带
膝关节囊状韧带,膝关节囊韧带
前臂伸肌肌腱,前臂伸肌肌腱
前臂伸肌肌腱,前臂伸肌腱
前臂伸肌肌腱,下臂伸肌肌腱
前臂伸肌肌腱,下臂伸肌腱
肝韧带,肝韧带
脾穴,脾穴
膀胱区域,膀胱区域
膀胱区域,膀胱区
男性尿道开口,男性尿道开口
精索血管,精索血管
Couinau肝段,couinau肝段
上颌神经分支,上颌神经分支
上颌神经分支,上颌神经支
舌下神经分支,舌下神经分支
舌下神经分支,舌下神经支
拇关节,拇关节
脊柱颈胸区,脊柱颈胸区
眶肌肌腱,眶肌肌腱
眶肌肌腱,眶肌腱
腕骨远侧骨结构,腕骨远侧骨结构
眼直肌,眼直肌
鼻内动脉,鼻内动脉
足滑膜,足滑膜
肘关节滑膜,肘关节滑膜
肘关节滑膜,肘部滑膜
肘关节滑膜,肘区滑膜
肘关节滑膜,肘滑膜
第二趾关节,第二趾关节
第二趾关节,第二足趾关节
第二趾关节,第二足指关节
第二趾关节,第2趾关节
第二趾关节,第2足趾关节
第二趾关节,第2足指关节
第四趾关节,第四趾关节
第四趾关节,第四足趾关节
第四趾关节,第四足指关节
第四趾关节,第4趾关节
第四趾关节,第4足趾关节
第四趾关节,第4足指关节
肺表面,肺表面
右肺静脉支流,右肺静脉支流
右肺静脉支流,右肺静脉支
股动脉分支,股动脉分支
股动脉分支,股动脉支
胃淋巴结,胃淋巴结
枕叶层,枕叶层
小脑层,小脑层
丘系系统,丘系系统
椎动脉分支,椎动脉分支
椎动脉分支,椎动脉分
阴茎血管,阴茎血管
鱼际肌,鱼际肌
中切牙,中切牙
侧切牙,侧切牙
恒切牙,恒切牙
大脑内静脉支流,大脑内静脉支流
大脑内静脉支流,大脑内静脉支
肩关节滑膜囊,肩关节滑膜囊
肩关节滑膜囊,肩部滑膜囊
肩关节滑膜囊,肩区滑膜囊
肩关节滑膜囊,肩滑膜囊
肩关节滑膜囊,肩关节滑囊
肩关节滑膜囊,肩部滑囊
肩关节滑膜囊,肩区滑囊
肩关节滑膜囊,肩滑囊
肩关节滑膜囊,肩关节囊
肩关节滑膜囊,肩囊
岩下窦支流,岩下窦支流
岩下窦支流,岩下窦支
颞区,颞区
胫神经分支,胫神经分支
胫神经分支,胫神经支
甲状软骨韧带,甲状软骨韧带
心脏瓣膜心内膜,心脏瓣膜心内膜
心脏瓣膜心内膜,心瓣膜心内膜
心脏瓣膜心内膜,心瓣膜内膜
心脏瓣膜心内膜,瓣膜心内膜
心脏瓣膜心内膜,瓣膜内膜
手伸肌肌腱,手伸肌肌腱
手伸肌肌腱,手肌肌腱
作用于颈椎间关节的肌肉,作用于颈椎间关节的肌肉
桡骨和[或]尺骨骨干,桡骨和或尺骨骨干
丘脑腹侧核群,丘脑腹侧核群
牙弓,牙弓
牙弓,牙齿弓
主静脉,主静脉
阴道上三分之一,阴道上三分之一
阴道上三分之一,上三分之一阴道
阴道上三分之一,上阴道三分之一
细胞突,细胞突
下巴皮肤,下巴皮肤
腮腺,腮腺
距骨,距骨
胃粘膜,胃粘膜
左膝关节区域,左膝关节区域
左膝关节区域,左侧膝关节区
左膝关节区域,左膝关节区
左膝关节区域,左膝区
坐骨,坐骨
舌下腺,舌下腺
女性乳腺,女性乳腺
髓样前体细胞,髓样前体细胞
大肠腧穴,大肠腧穴
足底部份皮肤,足底部份皮肤
髂动脉和[或]股动脉,髂动脉和或股动脉
第三趾关节,第三趾关节
第三趾关节,第三足趾关节
第三趾关节,第三足指关节
第三趾关节,第3趾关节
第三趾关节,第3足趾关节
第三趾关节,第3足指关节
左叶支气管,左叶支气管
下丘脑束,下丘脑束
鼻咽区域,鼻咽区域
鼻咽区域,鼻咽区
输精管部分,输精管部分
上臂皮肤,上臂皮肤
纵隔淋巴管,纵隔淋巴管
颧骨和[或]颧弓,颧骨和或颧弓
腹膜大囊,腹膜大囊
口内区,口内区
头部、颈部和[或]脑动脉壁,头部颈部和或脑动脉壁
作用在跖趾关节上的肌肉,作用在跖趾关节上的肌肉
颈深肌,颈深肌
胸肌区域,胸肌区域
胸肌区域,胸肌区
浆膜下层,浆膜下层
浆膜下层,浆膜下
腹腔神经丛,腹腔神经丛
腹腔神经丛,腹腔丛
腹腔神经丛,腹腔丛神经
海马,海马
上颌窦,上颌窦
肝固有动脉,肝固有动脉
硬脑脊膜,硬脑脊膜
硬脑脊膜,硬脑膜
硬脑脊膜,硬膜
毛细血管(器官),毛细血管器官
膀胱三角,膀胱三角
股四头肌,股四头肌
腹部筋膜,腹部筋膜
小脑皮质,小脑皮质
大网膜,大网膜
大网膜,网膜
脐带,脐带
鼻咽壁,鼻咽壁
胸骨柄,胸骨柄
肾固有动脉,肾固有动脉
头皮皮肤,头皮皮肤
腰骶神经丛,腰骶神经丛
腰骶神经丛,腰骶丛神经
腰骶神经丛,腰骶丛
肛管粘膜,肛管粘膜
腹腔淋巴结,腹腔淋巴结
内脏腹膜,内脏腹膜
内脏腹膜,脏层腹膜
内脏腹膜,壁层腹膜
内脏腹膜,脏体腔膜
内脏腹膜,壁层腹膜
内脏腹膜,脏腹膜
第五掌骨,第五掌骨
第五掌骨,第5掌骨
交感干神经节,交感干神经节
巨噬细胞,巨噬细胞
颞骨内耳道,颞骨内耳道
蛛网膜下池,蛛网膜下池
耳内肌,耳内肌
髌骨骨结构,髌骨骨结构
大脑后动脉,大脑后动脉
十二指肠降部,十二指肠降部
十二指肠降部,十二指肠降段
十二指肠降部,降部十二指肠
十二指肠降部,降段十二指肠
十二指肠降部,降十二指肠
脊椎区皮肤,脊椎区皮肤
舟状骨,舟状骨
舟状骨,舟骨
眼睑游离缘,眼睑游离缘
眼睑游离缘,睑游离缘
腕中关节韧带,腕中关节韧带
十二指肠乳头,十二指肠乳头
胆总管,胆总管
胆总管,总胆管
第二掌骨,第二掌骨
第二掌骨,第2掌骨
大阴唇,大阴唇
肩锁关节,肩锁关节
椎体中央,椎体中央
胆囊部分,胆囊部分
肠系膜上动脉初级分支,肠系膜上动脉初级分支
颈外动脉分支,颈外动脉分支
颈外动脉分支,颈外动脉支
膝关节组成,膝关节组成
踝关节副韧带,踝关节副韧带
踝关节副韧带,踝副韧带
前臂浅屈肌肌腱,前臂浅屈肌肌腱
前臂浅屈肌肌腱,上臂浅屈肌肌腱
前臂浅屈肌肌腱,前臂浅屈肌腱
前臂浅屈肌肌腱,上臂浅屈肌腱
左肺上叶段,左肺上叶段
牙根表面,牙根表面
上颌牙龈粘膜,上颌牙龈粘膜
上颌牙龈粘膜,上颌龈粘膜
结肠动脉,结肠动脉
小肠穴位,小肠穴位
心脏表面沟,心脏表面沟
睾丸鞘膜,睾丸鞘膜
半规管开放,半规管开放
肝腹膜连接,肝腹膜连接
外阴血管,外阴血管
肾上腺层,肾上腺层
颅神经根,颅神经根
口部皮肤,口部皮肤
肩带肌肉,肩带肌肉
颈椎背弓,颈椎背弓
上肢关节滑膜,上肢关节滑膜
左肺静脉支流,左肺静脉支流
左肺静脉支流,左肺静脉支
面动脉分支,面动脉分支
面动脉分支,面动脉支
胫后动脉分支,胫后动脉分支
胫后动脉分支,胫后动脉支
发育期脑,发育期脑
骶韧带,骶韧带
腋动脉分支,腋动脉分支
腋动脉分支,腋动脉支
肱动脉分支,肱动脉分支
肱动脉分支,肱动脉支
肋间后动脉第3至11支,肋间后动脉第3至11支
拇指肌腱,拇指肌腱
拇指肌腱,拇指腱
近端趾间关节,近端趾间关节
近端趾间关节,近端足趾间关节
近端趾间关节,近端足指间关节
近端趾间关节,近侧趾间关节
近端趾间关节,近侧足趾间关节
近端趾间关节,近侧足指间关节
第一颈椎关节,第一颈椎关节
第一颈椎关节,第1颈椎关节
第一颈椎关节,颈1关节
第一颈椎关节,c1关节
桡尺关节,桡尺关节
第一磨牙,第一磨牙
第二磨牙,第二磨牙
脾静脉支流,脾静脉支流
脾静脉支流,脾静脉支
动眼神经分支,动眼神经分支
动眼神经分支,动眼神经支
股二头肌和[或]肌腱,股二头肌和或肌腱
骨盆和[或]股骨骨髓,骨盆和或股骨骨髓
上肢骨髓,上肢骨髓
前列腺前纤维肌间质,前列腺前纤维肌间质
腓神经,腓神经
旋肌,旋肌
上皮细胞,上皮细胞
髂动脉,髂动脉
肱二头肌,肱二头肌
脊髓中央管,脊髓中央管
筛骨,筛骨
耳冠,耳冠
咀嚼肌,咀嚼肌
踝关节皮肤,踝关节皮肤
间皮,间皮
手部腱鞘,手部腱鞘
手部腱鞘,手腱鞘
呼吸系统细分,呼吸系统细分
肛管细分,肛管细分
垂直参考线,垂直参考线
肝膈面区域,肝膈面区域
肝膈面区域,肝膈面区
脉络膜层,脉络膜层
颌骨部分皮肤,颌骨部分皮肤
上臂部分皮肤,上臂部分皮肤
膝关节部分皮肤,膝关节部分皮肤
指关节肌肉,指关节肌肉
指关节肌肉,指关节肌
腹腔内生殖器,腹腔内生殖器
胚胎生殖结构,胚胎生殖结构
上叶支气管,上叶支气管
肱骨远端关节周围骨,肱骨远端关节周围骨
前臂、手腕、手屈肌腱鞘,前臂手腕手屈肌腱鞘
肩部皮肤和皮下组织,肩部皮肤和皮下组织
腹中区皮肤,腹中区皮肤
踝关节和[或]足部滑膜囊,踝关节和或足部滑膜囊
腹膜大囊腔,腹膜大囊腔
右上肢骨骼,右上肢骨骼
右上肢骨骼,右上肢骨
右眼区外部结构,右眼区外部结构
左眼区外部结构,左眼区外部结构
膀胱壁,膀胱壁
原始前肠,原始前肠
第一掌骨,第一掌骨
第一掌骨,第1掌骨
眼睑皮下组织,眼睑皮下组织
眼睑皮下组织,睑皮下组织
眼睑皮下组织,眼睑皮下
眼睑皮下组织,睑皮下
头皮皮下组织,头皮皮下组织
头皮皮下组织,头皮下组织
头皮皮下组织,头皮皮下
头皮皮下组织,头皮下
腘窝区域,腘窝区域
腘窝区域,腘窝区
腘窝区域,腘区
包皮,包皮
女性尿道,女性尿道
门静脉分支,门静脉分支
阴道前壁和后壁,阴道前壁和后壁
指筋膜,指筋膜
小阴唇,小阴唇
泪小管,泪小管
颅内硬膜外间隙,颅内硬膜外间隙
骶髂关节,骶髂关节
骶髂关节,荐髂关节
乳头体,乳头体
肺中叶,肺中叶
指动脉,指动脉
男性生殖器皮下组织,男性生殖器皮下组织
内分泌组织,内分泌组织
硬脑膜窦,硬脑膜窦
额窦,额窦
小静脉,小静脉
小静脉,微静脉
小静脉,支脉
鼻翼,鼻翼
远端骺生长板,远端骺生长板
远端骺生长板,远侧骺生长板
远端骺生长板,骺远端生长板
远端骺生长板,骺远段生长板
眼底,眼底
下肢外侧面,下肢外侧面
外侧楔形骨,外侧楔形骨
外侧楔形骨,外侧楔骨
外侧楔形骨,外楔形骨
外侧楔形骨,外侧楔骨
尿道前列腺部,尿道前列腺部
尿道前列腺部,前列腺尿道
阴唇皮肤,阴唇皮肤
扁桃体(腭),扁桃体腭
扁桃体(腭),扁桃体
胸膜壁层,胸膜壁层
胸膜壁层,壁胸膜
骰骨,骰骨
颈部皮下组织,颈部皮下组织
颈部皮下组织,颈部皮下
牙本质,牙本质
翼状区,翼状区
翼状区,翼区
颅部副交感神经系统,颅部副交感神经系统
关节腔,关节腔
肺实质,肺实质
额骨部分,额骨部分
单核吞噬细胞系统,单核吞噬细胞系统
腰脊神经根,腰脊神经根
腰脊神经根,腰神经根
臀区肌腱,臀区肌腱
腹下神经丛,腹下神经丛
腹下神经丛,腹下丛神经
腹下神经丛,腹下丛
前腹壁动脉,前腹壁动脉
前腹壁动脉,腹壁前动脉
房室(非二尖瓣，非三尖瓣)瓣叶,房室非二尖瓣非三尖瓣瓣叶
肩袖肌腱,肩袖肌腱
小肠区域,小肠区域
小肠区域,小肠区
大肠肠系膜,大肠肠系膜
大肠肠系膜,大肠系膜
下颌牙龈粘膜,下颌牙龈粘膜
下颌牙龈粘膜,下颌龈粘膜
肿瘤分期的解剖位点标记,肿瘤分期的解剖位点标记
体腔区域,体腔区域
体腔区域,体腔区
上颌牙槽嵴,上颌牙槽嵴
颈深淋巴结,颈深淋巴结
膀胱韧带,膀胱韧带
外阴静脉,外阴静脉
鼻睫神经分支,鼻睫神经分支
鼻睫神经分支,鼻睫神经支
颈丛内侧深支,颈丛内侧深支
小跖骨头,小跖骨头
虹膜层,虹膜层
视网膜静脉分支,视网膜静脉分支
视网膜静脉分支,视网膜静脉支
肾上腺血管,肾上腺血管
垂体血管,垂体血管
膝关节关节周围骨,膝关节关节周围骨
胸骨韧带,胸骨韧带
中脑颅神经核,中脑颅神经核
中脑颅神经核,中脑神经核
脊髓下行束,脊髓下行束
脊髓下行束,下行脊髓束
枕动脉分支,枕动脉分支
枕动脉分支,枕动脉支
骶丛至下肢分支,骶丛至下肢分支
脑外静脉,脑外静脉
面浅静脉,面浅静脉
内囊束,内囊束
子宫颈层,子宫颈层
内耳动脉,内耳动脉
肌粘膜,肌粘膜
肌粘膜,粘膜肌层
肛周区域,肛周区域
肛周区域,肛周区
肛周区域,肛周
上肢筋膜室筋膜,上肢筋膜室筋膜
造血干细胞,造血干细胞
肘关节滑膜囊,肘关节滑膜囊
肘关节滑膜囊,肘关节滑囊
肘关节滑膜囊,肘关节囊
肘关节滑膜囊,肘囊
臂静脉支流,臂静脉支流
臂静脉支流,臂静脉支
阴部内静脉支流,阴部内静脉支流
阴部内静脉支流,阴部内静脉支
肛门直肠结缔组织,肛门直肠结缔组织
冈上肌和[或]肌腱,冈上肌和或肌腱
踝关节和[或]足部骨髓,踝关节和或足部骨髓
结膜腺,结膜腺
眼睑腺,眼睑腺
眼睑腺,睑腺
左上肢骨骼,左上肢骨骼
左上肢骨骼,左上肢骨
右足趾,右足趾
右足趾,右足指
右足趾,右脚趾
右足趾,右脚指
左足趾,左足趾
左足趾,左足指
左足趾,左脚趾
左足趾,左脚指
皮脂腺,皮脂腺
丘脑外侧核群,丘脑外侧核群
副神经节,副神经节
副神经节,嗜铬体
枕骨区,枕骨区
枕骨区,枕区
软腭,软腭
前额,前额
前额,额头
前额,额
T淋巴细胞,t淋巴细胞
面部毛发,面部毛发
食管下三分之一,食管下三分之一
食管下三分之一,下三分之一食管
食管下三分之一,下食管三分之一
食管下三分之一,食道下三分之一
食管下三分之一,下三分之一食道
食管下三分之一,下食道三分之一
小腿皮肤,小腿皮肤
腋窝皮肤,腋窝皮肤
颈锁骨上区域,颈锁骨上区域
颈锁骨上区域,颈锁骨上区
泌尿系统细分,泌尿系统细分
枕骨部分,枕骨部分
坐骨部分,坐骨部分
胸前外侧表面皮肤,胸前外侧表面皮肤
眼眶及眼睑肌,眼眶及眼睑肌
桡神经分支,桡神经分支
桡神经分支,桡神经支
子宫壁层,子宫壁层
颈脊髓段,颈脊髓段
子宫体区域,子宫体区域
子宫体区域,子宫体区
子宫体区域,宫体区
输卵管区域,输卵管区域
输卵管区域,输卵管区
胰腺区域,胰腺区域
胰腺区域,胰腺区
胰腺区域,胰区
脊髓脑膜间隙,脊髓脑膜间隙
脊髓脑膜间隙,脊髓脑膜隙
足踝部分皮肤,足踝部分皮肤
腰椎椎间关节回旋肌,腰椎椎间关节回旋肌
腰椎椎间关节回旋肌,腰椎间关节回旋肌
配子结构,配子结构
左肺基底段,左肺基底段
上颌动脉第三部分分支,上颌动脉第三部分分支
角膜表面,角膜表面
眼睑部分皮肤,眼睑部分皮肤
指伸肌肌腱,指伸肌肌腱
指伸肌肌腱,指伸肌腱
眼外肌肌腱,眼外肌肌腱
眼外肌肌腱,眼外肌腱
皮肤血管,皮肤血管
下颌牙槽,下颌牙槽
拇指皮肤和皮下组织,拇指皮肤和皮下组织
下颌切牙,下颌切牙
小腿前部,小腿前部
下肢后部,下肢后部
下肢外侧部皮肤,下肢外侧部皮肤
前列腺外周区根尖部,前列腺外周区根尖部
前列腺外周带中区,前列腺外周带中区
舌骨上肌,舌骨上肌
胫前间隔,胫前间隔
胫前间隔,胫前间室
中脑被盖背侧核,中脑被盖背侧核
中脑被盖背侧核,中脑被盖背核
支气管管腔,支气管管腔
支气管管腔,支气管腔
胃肠道浆膜下层,胃肠道浆膜下层
胃肠道浆膜下层,胃肠道浆膜下
甲状颈动脉干,甲状颈动脉干
甲状颈动脉干,甲状颈干
胸锁关节,胸锁关节
舌粘膜,舌粘膜
四迭体上丘,四迭体上丘
海绵体,海绵体
颈椎横突,颈椎横突
颈椎椎间孔,颈椎椎间孔
颈椎椎间孔,颈椎间孔
腹下区域,腹下区域
腹下区域,腹下区
腹下区域,下腹区
腹下区域,耻区
膝关节屈肌肌腱,膝关节屈肌肌腱
膝关节屈肌肌腱,膝关节屈肌腱
膝关节屈肌肌腱,膝屈肌肌腱
膝关节屈肌肌腱,膝屈肌腱
室管膜,室管膜
侧索,侧索
侧索,外侧索
肺腺泡,肺腺泡
膀胱肌层,膀胱肌层
锥体系统,锥体系统
小血管(器官),小血管器官
胸骨肋软骨小面,胸骨肋软骨小面
宫颈外结构,宫颈外结构
眼前房,眼前房
眼前房,前房
下唇,下唇
枕叶皮质,枕叶皮质
十二指肠大乳头,十二指肠大乳头
腰动脉,腰动脉
口腔前庭,口腔前庭
口腔前庭,口前庭
软颅脑膜,软颅脑膜
软颅脑膜,颅内软脑膜
正中神经,正中神经
上背部肌肉,上背部肌肉
上背部肌肉,背上肌
前纵韧带,前纵韧带
腹部皮下组织,腹部皮下组织
腹部皮下组织,腹部皮下
声带,声带
支持带,支持带
支持带,系带
后纵韧带,后纵韧带
跖趾关节韧带,跖趾关节韧带
减数分裂细胞,减数分裂细胞
上皮结构,上皮结构
阴道粘膜,阴道粘膜
尺神经,尺神经
唇粘膜,唇粘膜
足趾间关节韧带,足趾间关节韧带
肘关节动脉网,肘关节动脉网
输乳管,输乳管
输乳管,乳管
腰椎弓,腰椎弓
小脑下脚,小脑下脚
小脑下脚,绳状体
网状激活系统,网状激活系统
舌骨下肌,舌骨下肌
胃体,胃体
右肺中叶,右肺中叶
右肺中叶,右中肺叶
右肺中叶,肺右中叶
右肺中叶,右中肺
睾丸实质,睾丸实质
阴茎筋膜,阴茎筋膜
提肛肌,提肛肌
提肛肌,肛提肌
腹膜浆膜层,腹膜浆膜层
胸肌,胸肌
小腿皮下组织,小腿皮下组织
小腿皮下组织,小腿皮下
下肢内侧面,下肢内侧面
下肢内侧面,下肢内面
远端尺骨,远端尺骨
远端尺骨,远侧尺骨
远端尺骨,尺骨远侧
远端尺骨,尺骨远端
右肩区域,右肩区域
右肩区域,右肩区
胎儿头骨,胎儿头骨
跖骨底,跖骨底
肾动脉节段分支,肾动脉节段分支
距下关节,距下关节
距下关节,距跟关节
大腿后肌,大腿后肌
大腿后肌,股后肌
颈部淋巴管,颈部淋巴管
颈部淋巴管,颈淋巴管
骨盆表面区域,骨盆表面区域
骨盆表面区域,骨盆表面区
骨盆表面区域,骨盆浅表区
骨盆表面区域,盆腔表面区域
骨盆表面区域,盆腔表面区
骨盆表面区域,盆腔浅表区
跗足底韧带,跗足底韧带
跗足底韧带,跖跗韧带
脑硬膜外间隙,脑硬膜外间隙
膝关节半月板角,膝关节半月板角
膝关节半月板角,膝半月板角
颈淋巴结组,颈淋巴结组
干细胞集落形成单元,干细胞集落形成单元
腹腔细分,腹腔细分
半月板纵段,半月板纵段
副肌房室束,副肌房室束
阴部动脉,阴部动脉
臂丛干细分,臂丛干细分
边缘回,边缘回
小脑核,小脑核
膀胱层,膀胱层
喉外韧带,喉外韧带
小囊开口,小囊开口
膈裂孔,膈裂孔
舌咽神经分支,舌咽神经分支
舌咽神经分支,舌咽神经支
颈神经丛升浅支,颈神经丛升浅支
颈神经丛升浅支,颈丛神经升浅支
颈神经丛升浅支,颈丛升浅支
颅内神经节,颅内神经节
鼻泪管瓣,鼻泪管瓣
横突孔,横突孔
颈椎椎孔,颈椎椎孔
颈椎椎孔,颈椎孔
胸腔区域,胸腔区域
胸腔区域,胸腔区
脊柱骶尾区,脊柱骶尾区
脊柱骶尾区,脊柱骶尾部
脊柱骶尾区,脊柱骶尾段
脊柱骶尾区,骶尾区脊柱
脊柱骶尾区,骶尾部脊柱
脊柱骶尾区,骶尾段脊柱
脾脏血管,脾脏血管
脾脏血管,脾血管
甲状腺血管,甲状腺血管
胸大血管,胸大血管
踝关节关节周围骨,踝关节关节周围骨
小腿外侧肌肉,小腿外侧肌肉
小腿外侧肌肉,小腿外侧肌
小腿外侧肌肉,外侧小腿肌
原始肠系膜,原始肠系膜
原始肠系膜,原始系膜
外周淋巴管,外周淋巴管
手滑膜,手滑膜
颞浅动脉分支,颞浅动脉分支
颞浅动脉分支,颞浅动脉支
骨盆腹膜间隙,骨盆腹膜间隙
骨盆腹膜间隙,骨盆腹膜腔隙
骨盆腹膜间隙,盆腔腹膜间隙
骨盆腹膜间隙,盆腔腹膜腔隙
结肠肠壁,结肠肠壁
结肠肠壁,结肠壁
额叶层,额叶层
胚胎肌肉,胚胎肌肉
椎动脉颅支,椎动脉颅支
与邻近器官相关的肝脏表面特征,与邻近器官相关的肝脏表面特征
右下肋间后静脉,右下肋间后静脉
近端下肢骨骺,近端下肢骨骺
近端下肢骨骺,近侧下肢骨骺
近端下肢骨骺,下肢近端骨骺
近端下肢骨骺,下肢近侧骨骺
楔形骨外侧关节突,楔形骨外侧关节突
楔形骨外侧关节突,外侧楔形骨关节突
楔形骨外侧关节突,楔骨外侧关节突
楔形骨外侧关节突,外侧楔骨关节突
第二跖骨关节突,第二跖骨关节突
第二跖骨关节突,第2跖骨关节突
脊椎骨髓,脊椎骨髓
指骨骨骺,指骨骨骺
隐静脉,隐静脉
腕骨部分,腕骨部分
小腿筋膜,小腿筋膜
小鱼际肌间隙,小鱼际肌间隙
下肢筋膜室筋膜,下肢筋膜室筋膜
口腔系带,口腔系带
颈深静脉支流,颈深静脉支流
颈深静脉支流,颈深静脉支
角脉支流,角脉支流
角脉支流,角脉支
前臂浅伸肌,前臂浅伸肌
前臂浅伸肌,下臂浅伸肌
含有毛发的顶泌汗腺皮肤,含有毛发的顶泌汗腺皮肤
下颌后静脉支流,下颌后静脉支流
下颌后静脉支流,下颌后静脉支
腘静脉支流,腘静脉支流
腘静脉支流,腘静脉支
胃肠道管腔,胃肠道管腔
胃肠道管腔,胃肠道腔
下肢内侧部分,下肢内侧部分
肱三头肌和[或]肌腱,肱三头肌和或肌腱
腓肠肌和[或]肌腱,腓肠肌和或肌腱
骨盆骨髓,骨盆骨髓
骨盆骨髓,盆腔骨髓
作用在髋关节上的肌肉,作用在髋关节上的肌肉
丘脑板内核群,丘脑板内核群
核内包涵体,核内包涵体
颧骨,颧骨
颧骨,鼽骨
右耳,右耳
肾盂,肾盂
肾盂,双肾盂
颏,颏
颏,下巴颏
颏,下巴
颏,颌
颈外侧部,颈外侧部
上髁,上髁
双眼,双眼
双眼,双目
枕叶脑回,枕叶脑回
枕叶脑回,枕叶回
神经元细胞,神经元细胞
神经元细胞,神经细胞
神经元细胞,神经元
趾间隙皮肤,趾间隙皮肤
趾间隙皮肤,足趾间隙皮肤
趾间隙皮肤,足指间隙皮肤
拇趾皮肤,拇趾皮肤
左肺动脉,左肺动脉
分泌颗粒,分泌颗粒
拇指皮肤,拇指皮肤
内分泌细胞,内分泌细胞
指间间隙皮肤,指间间隙皮肤
左肩关节区域,左肩关节区域
左肩关节区域,左肩关节区
左肩关节区域,左肩区
指屈肌肌腱腱鞘,指屈肌肌腱腱鞘
指屈肌肌腱腱鞘,指屈肌腱腱鞘指屈肌腱鞘
筛骨部分,筛骨部分
锁骨部分,锁骨部分
耻骨部分,耻骨部分
膝关节表面区域,膝关节表面区域
膝关节表面区域,膝关节浅表区域
膝关节表面区域,膝关节表面区
膝关节表面区域,膝关节浅表区
膝关节表面区域,膝表面区
膝关节表面区域,膝浅表区
肛管区域,肛管区域
肛管区域,肛管区
腹部表面区域,腹部表面区域
腹部表面区域,腹部浅表区域
腹部表面区域,腹部表面区
腹部表面区域,腹部浅表区
腹部表面区域,腹表面区
腹部表面区域,腹浅表区
正中神经分支,正中神经分支
正中神经分支,正中神经支
肝穴,肝穴
右肺节段支气管,右肺节段支气管
角膜层,角膜层
胸前外侧部皮肤,胸前外侧部皮肤
胸前外侧部皮肤,胸前外侧皮肤
胸前外侧部皮肤,胸前外部皮肤
尾椎肌肉骨骼,尾椎肌肉骨骼
作用于指间关节的肌肉,作用于指间关节的肌肉
腰椎椎间关节外侧屈肌,腰椎椎间关节外侧屈肌
腰椎椎间关节外侧屈肌,腰椎间关节外侧屈肌
肩关节周围骨,肩关节周围骨
斜眼外肌,斜眼外肌
斜眼外肌,眼外斜肌
右肺基底段,右肺基底段
显微皮肤血管,显微皮肤血管
肱二头肌部分,肱二头肌部分
腮腺部分,腮腺部分
大隐静脉分支,大隐静脉分支
大隐静脉分支,大隐静脉支
躯体神经丛细分,躯体神经丛细分
下肢前部皮肤,下肢前部皮肤
下肢内侧部皮肤,下肢内侧部皮肤
手伸肌,手伸肌
作用于拇指腕掌关节上的肌肉,作用于拇指腕掌关节上的肌肉
左足趾部分,左足趾部分
右足趾部分,右足趾部分
转子囊,转子囊
颈椎棘突,颈椎棘突
鼓膜紧张部,鼓膜紧张部
内侧楔骨,内侧楔骨
大腿皮下组织,大腿皮下组织
大腿皮下组织,大腿皮下
耳蜗螺旋板,耳蜗螺旋板
乳突窦,乳突窦
乳突窦,乳突房
乳突窦,鼓窦
乳突窦,鼓房
室间隔肌部,室间隔肌部
远节指骨粗隆,远节指骨粗隆
远节指骨粗隆,远端指骨粗隆
远节指骨粗隆,远侧指骨粗隆
远节指骨粗隆,指骨远节粗隆
远节指骨粗隆,指骨远端粗隆
远节指骨粗隆,指骨远侧粗隆
肌节,肌节
肌节,肌刀
胎儿着床部位,胎儿着床部位
掌骨基板,掌骨基板
掌骨基板,掌骨底
掌骨指骨关节面,掌骨指骨关节面
足弓,足弓
睫状肌,睫状肌
睫状肌,鲍曼氏肌
睫状肌,鲍曼肌
下丘脑视上区,下丘脑视上区
汗腺,汗腺
远节拇指指骨,远节拇指指骨
远节拇指指骨,远端拇指指骨
远节拇指指骨,远侧拇指指骨
远节拇指指骨,拇指远节指骨
远节拇指指骨,拇指远端指骨
远节拇指指骨,拇指远侧指骨
鼻道,鼻道
第一鳃弓,第一鳃弓
第一鳃弓,第1鳃弓
肾锥体,肾锥体
中间楔骨,中间楔骨
舌内肌,舌内肌
腰椎椎间盘髓核,腰椎椎间盘髓核
腰椎椎间盘髓核,腰椎间盘髓核
跖趾关节囊,跖趾关节囊
宫颈粘膜,宫颈粘膜
宫颈粘膜,子宫颈粘膜
下颌支,下颌支
下颌支,下颌骨支
眼角,眼角
眼角,眦
尿道海绵体,尿道海绵体
腰椎横突,腰椎横突
肋软骨软骨结合,肋软骨软骨结合
第一跖趾关节,第一跖趾关节
第一跖趾关节,第1跖趾关节
外膜,外膜
腰椎椎板,腰椎椎板
腰椎椎板,腰椎板
橄榄体,橄榄体
橄榄体,橄榄
腹索,腹索
腹索,腹侧索
颅顶肌,颅顶肌
颅内蛛网膜下腔,颅内蛛网膜下腔
手部骨间肌,手部骨间肌
手部骨间肌,手骨间肌
阔韧带,阔韧带
阔韧带,宽韧带
颈椎椎弓根,颈椎椎弓根
颈椎椎弓根,颈椎弓根
子宫颈内结构,子宫颈内结构
髂股韧带,髂股韧带
下丘脑外侧核,下丘脑外侧核
下丘脑外侧核,外侧下丘脑核
肛门括约肌,肛门括约肌
内耳道底,内耳道底
腰椎椎间孔,腰椎椎间孔
腰椎椎间孔,腰椎间孔
豆状核,豆状核
结肠固有肌,结肠固有肌
肌膈动脉,肌膈动脉
前庭腺,前庭腺
腰椎椎间盘纤维环,腰椎椎间盘纤维环
腰椎椎间盘纤维环,腰椎间盘纤维环
下腹下神经丛,下腹下神经丛
下腹下神经丛,下腹下丛
下腹下神经丛,下腹下丛神经
下腹下神经丛,腹下下神经丛
下腹下神经丛,腹下下丛神经
下腹下神经丛,腹下下丛
睫状动脉,睫状动脉
睫状动脉,睫动脉
颈椎椎板,颈椎椎板
颈椎椎板,颈椎板
第五趾跖趾关节,第五趾跖趾关节
第五趾跖趾关节,第五足趾跖趾关节
第五趾跖趾关节,第五足指跖趾关节
第五趾跖趾关节,第5趾跖趾关节
第五趾跖趾关节,第5足趾跖趾关节
第五趾跖趾关节,第5足指跖趾关节
膈中心腱,膈中心腱
膈中心腱,中心腱
膈中心腱,膈中央腱
唾液腺管乳头,唾液腺管乳头
生精小管,生精小管
生精小管,细精管
生精小管,精细管
生精小管,精小
生精小管,曲线精管
溶酶体,溶酶体
阴唇皮下组织,阴唇皮下组织
阴唇皮下组织,阴唇皮下
球囊,球囊
球囊,球状囊
椎间静脉,椎间静脉
脑桥基底部,脑桥基底部
外胚层,外胚层
桡尺下关节,桡尺下关节
髂外淋巴结,髂外淋巴结
肾上腺皮质,肾上腺皮质
舌乳头,舌乳头
鼓膜腔壁,鼓膜腔壁
鼓膜腔壁,鼓室壁
门静脉左主干,门静脉左主干
丘脑前区,丘脑前区
肾毛细血管,肾毛细血管
近节拇指指骨,近节拇指指骨
近节拇指指骨,近端拇指指骨
近节拇指指骨,近侧拇指指骨
近节拇指指骨,拇指近节指骨
近节拇指指骨,拇指近端指骨
近节拇指指骨,拇指近侧指骨
颅额缝,颅额缝
延髓外侧核,延髓外侧核
腰椎椎体,腰椎椎体
腰椎椎体,腰椎体
大脑前动脉皮质支,大脑前动脉皮质支
牙釉质,牙釉质
牙釉质,釉质
牙釉质,珐琅质
牙釉质,釉
掌指关节囊,掌指关节囊
肾曲小管,肾曲小管
盆腔腹膜腔,盆腔腹膜腔
副交感神经节,副交感神经节
右肺动脉,右肺动脉
骨干中三分之一,骨干中三分之一
骨干中三分之一,中三分之一骨干
颅囟,颅囟
腰椎椎弓根,腰椎椎弓根
腰椎椎弓根,腰椎弓根
乳房皮肤,乳房皮肤
泌尿生殖膈膜,泌尿生殖膈膜
泌尿生殖膈膜,泌尿生殖膈
股区,股区
指间关节表面,指间关节表面
骨干远端三分之一,骨干远端三分之一
骨干远端三分之一,骨干远侧三分之一
骨干远端三分之一,远端三分之一骨干
骨干远端三分之一,远侧三分之一骨干
颈椎椎体,颈椎椎体
颈椎椎体,颈椎体
颅蝶缝,颅蝶缝
颅蝶缝,颅骨蝶骨缝
迷路动脉,迷路动脉
左耳,左耳
大腿后面,大腿后面
胸膜腔,胸膜腔
尺动脉腕背支,尺动脉腕背支
指骨粗隆,指骨粗隆
前列腺叶,前列腺叶
小腿外侧隔间,小腿外侧隔间
消化系统细分,消化系统细分
淋巴样前体细胞,淋巴样前体细胞
淋巴样前体细胞,淋巴前体细胞
腭和[或]咽喉肌肉,腭和或咽喉肌肉
头部淋巴管,头部淋巴管
头部淋巴管,头淋巴管
颈椎上关节突,颈椎上关节突
颈椎下关节突,颈椎下关节突
颈椎黄韧带,颈椎黄韧带
颈椎横突间韧带,颈椎横突间韧带
颈椎棘间韧带,颈椎棘间韧带
趾伸肌腱和腱鞘,趾伸肌腱和腱鞘
手腕表面区域,手腕表面区域
手腕表面区域,手腕浅表区域
手腕表面区域,手腕表面区
手腕表面区域,手腕浅表区
手腕表面区域,腕表面区
手腕表面区域,腕浅表区
趾甲床,趾甲床
胸壁动脉,胸壁动脉
男性骨盆动脉,男性骨盆动脉
男性骨盆动脉,男性盆腔动脉
指桡神经,指桡神经
指背神经,指背神经
前纵韧带部分,前纵韧带部分
腕关节囊状韧带,腕关节囊状韧带
腕关节囊状韧带,腕关节囊韧带
拇指韧带,拇指韧带
膝关节副韧带,膝关节副韧带
舌骨肌肌腱,舌骨肌肌腱
舌骨肌肌腱,舌骨肌腱
大腿前肌肌腱,大腿前肌肌腱
大腿前肌肌腱,大腿前肌腱
大腿前肌肌腱,股前肌腱
小腿前肌肌腱,小腿前肌肌腱
小腿前肌肌腱,小腿前肌腱
小腿后深肌肌腱,小腿后深肌肌腱
小腿后深肌肌腱,小腿后深肌腱
直肠区域,直肠区域
直肠区域,直肠区
前庭沟粘膜,前庭沟粘膜
内脏神经,内脏神经
头部表面区域,头部表面区域
头部表面区域,头部浅表区域
头部表面区域,头部表面区
头部表面区域,头部浅表区
头部表面区域,头表面区
头部表面区域,头浅表区
掌骨颈,掌骨颈
心电图导联部位,心电图导联部位
心房间优势传导通路,心房间优势传导通路
性腺静脉,性腺静脉
左肺节段支气管,左肺节段支气管
喉粘膜,喉粘膜
喉内韧带,喉内韧带
大唇连合,大唇连合
Healey和Schroy左肝段,healey和schroy左肝段
下颌神经前干支,下颌神经前干支
后颅窝脑膜,后颅窝脑膜
穹窿脑膜,穹窿脑膜
心脏神经丛,心脏神经丛
心脏神经丛,心神经丛
心脏神经丛,心丛
性腺内分泌,性腺内分泌
腕关节周围骨,腕关节周围骨
指甲床,指甲床
后纵韧带部分,后纵韧带部分
足底血管,足底血管
踝关节软骨和[或]足部关节软骨,踝关节软骨和或足部关节软骨
上行脊髓束,上行脊髓束
上行脊髓束,脊髓上行束
颅骨结合,颅骨结合
分裂细胞结构,分裂细胞结构
甲状腺上动脉分支,甲状腺上动脉分支
甲状腺上动脉分支,甲状腺上动脉支
髂总动脉分支,髂总动脉分支
髂总动脉分支,髂总动脉支
乳腺结缔组织,乳腺结缔组织
股骨骨骺,股骨骨骺
股骨骨骺,股骨骺
肠系膜丛,肠系膜丛
输卵管壁,输卵管壁
耳窝,耳窝
细胞膜内陷,细胞膜内陷
胚胎鳃裂,胚胎鳃裂
原始心管,原始心管
脑干脊髓小脑束,脑干脊髓小脑束
甲状颈干分支,甲状颈干分支
甲状颈干分支,甲状颈干支
网状结构,网状结构
镜下胰腺外分泌,镜下胰腺外分泌
肋间上前动脉,肋间上前动脉
肋间上前静脉,肋间上前静脉
上肢远端骺,上肢远端骺
上肢远端骺,上肢远侧骺
骰骨关节面,骰骨关节面
舟状骨关节面,舟状骨关节面
舟状骨关节面,舟骨关节面
腰骶椎间盘,腰骶椎间盘
小肠缘,小肠缘
淋巴结区域,淋巴结区域
淋巴结区域,淋巴结区
同股关节,同股关节
肾极,肾极
第二颈椎关节,第二颈椎关节
第二颈椎关节,第2颈椎关节
第二颈椎关节,颈2关节
第二颈椎关节,c2关节
小腿筋膜室,小腿筋膜室
阴囊皮肤和皮下组织,阴囊皮肤和皮下组织
前庭龈沟,前庭龈沟
锤骨骨结构,锤骨骨结构
镫骨骨结构,镫骨骨结构
跖骨颈,跖骨颈
脑硬膜下间隙的细分,脑硬膜下间隙的细分
膈肌静脉支流,膈肌静脉支流
膈肌静脉支流,膈肌静脉支
蝶骨翼,蝶骨翼
腓总神经分支,腓总神经分支
腓总神经分支,腓总神经支
下肢后部皮肤,下肢后部皮肤
主动脉壁,主动脉壁
颅骨骨髓,颅骨骨髓
颅骨骨髓,颅骨髓
颈椎椎间韧带联合,颈椎椎间韧带联合
左手手指,左手手指
左手手指,左侧手指
右手手指,右手手指
右手手指,右侧手指
右下肢血管,右下肢血管
左下肢血管,左下肢血管
未成熟粒细胞,未成熟粒细胞
头筋膜,头筋膜
头筋膜,帽状筋膜
胃底,胃底
前臂皮肤,前臂皮肤
前臂皮肤,下臂皮肤
左腕,左腕
左腕,左手腕
脊髓区硬膜下间隙,脊髓区硬膜下间隙
右腕,右腕
右腕,右手腕
提肋短肌,提肋短肌
最内侧肋间肌,最内侧肋间肌
手腕皮肤,手腕皮肤
中指皮肤,中指皮肤
第三趾皮肤,第三趾皮肤
第三趾皮肤,第三足趾皮肤
第三趾皮肤,第三足指皮肤
第三趾皮肤,第3趾皮肤
第三趾皮肤,第3足趾皮肤
第三趾皮肤,第3足指皮肤
下腹,下腹
胸回旋肌,胸回旋肌
手舟骨,手舟骨
手舟骨,腕舟骨
第四趾皮肤,第四趾皮肤
第四趾皮肤,第四足趾皮肤
第四趾皮肤,第四足指皮肤
第四趾皮肤,第4趾皮肤
第四趾皮肤,第4足趾皮肤
第四趾皮肤,第4足指皮肤
特殊细胞的独特表面突,特殊细胞的独特表面突
肋间内肌,肋间内肌
第五趾皮肤,第五趾皮肤
第五趾皮肤,第五足趾皮肤
第五趾皮肤,第五足指皮肤
第五趾皮肤,第5趾皮肤
第五趾皮肤,第5足趾皮肤
第五趾皮肤,第5足指皮肤
内侧半月板,内侧半月板
食指皮肤,食指皮肤
鼻肌,鼻肌
肋间外肌,肋间外肌
细胞膜,细胞膜
近端腓骨,近端腓骨
近端腓骨,近侧腓骨
近端腓骨,腓骨近端
近端腓骨,腓骨近侧
对耳轮,对耳轮
眼轮匝肌,眼轮匝肌
颈静脉,颈静脉
右前臂,右前臂
右前臂,右下臂
左前臂,左前臂
左前臂,左下臂
男性乳腺,男性乳腺
手掌区皮肤,手掌区皮肤
右侧乳房,右侧乳房
右侧乳房,右乳房
右侧乳房,右乳
小指皮肤,小指皮肤
丘脑中线核群,丘脑中线核群
第二趾皮肤,第二趾皮肤
第二趾皮肤,第二足趾皮肤
第二趾皮肤,第二足指皮肤
第二趾皮肤,第2趾皮肤
第二趾皮肤,第2足趾皮肤
第二趾皮肤,第2足指皮肤
脐区皮肤,脐区皮肤
左侧乳房,左侧乳房
左侧乳房,左乳房
左侧乳房,左乳
咽上缩肌,咽上缩肌
唇皮肤/,唇皮肤
线粒体,线粒体
B淋巴细胞,b淋巴细胞
无名指皮肤,无名指皮肤
网膜囊,网膜囊
跖骨体,跖骨体
骨髓部分,骨髓部分
大腿筋膜,大腿筋膜
大腿筋膜,股阔筋膜
胸神经皮节,胸神经皮节
纵隔淋巴结组,纵隔淋巴结组
胸椎水平,胸椎水平
颈部表面区域,颈部表面区域
颈部表面区域,颈部浅表区域
颈部表面区域,颈部表面区
颈部表面区域,颈部浅表区
颈部表面区域,颈浅表区
胸脊神经节,胸脊神经节
尾部脊柱,尾部脊柱
输尿管区域,输尿管区域
输尿管区域,输尿管区
附睾区域,附睾区域
附睾区域,附睾区
Hjortso肝段,hjortso肝段
中央索区,中央索区
腹神经节,腹神经节
虹膜区域,虹膜区域
虹膜区域,虹膜区
指蹼皮肤,指蹼皮肤
拇指部分皮肤,拇指部分皮肤
腋窝部分皮肤,腋窝部分皮肤
小腿部分皮肤,小腿部分皮肤
趾腹部分皮肤,趾腹部分皮肤
大静脉,大静脉
踝关节滑膜,踝关节滑膜
踝关节滑膜,踝滑膜
颞叶皮质区域,颞叶皮质区域
颞叶皮质区域,颞叶皮质区
上颌动脉第一部分分支,上颌动脉第一部分分支
尺骨近端关节周围骨,尺骨近端关节周围骨
上睑肌,上睑肌
拇趾部分皮肤,拇趾部分皮肤
鼻孔,鼻孔
鼻甲部分,鼻甲部分
半奇静脉支流,半奇静脉支流
半奇静脉支流,半奇静脉支
面外半侧部皮肤,面外半侧部皮肤
胸大肌和[或]肌腱,胸大肌和或肌腱
大脑前动脉壁,大脑前动脉壁
舌肌,舌肌
跖趾关节外展肌,跖趾关节外展肌
足部固有肌,足部固有肌
前列腺过渡区顶端部,前列腺过渡区顶端部
前列腺过渡区中区,前列腺过渡区中区
前列腺过渡区基底部,前列腺过渡区基底部
前列腺外周区基底部,前列腺外周区基底部
右膝关节,右膝关节
腰椎上关节突,腰椎上关节突
肾盏,肾盏
足背,足背
足背,足趺
足背,足跗
足指骨底,足指骨底
小肠固有肌层,小肠固有肌层
指背面皮肤,指背面皮肤
阴蒂头,阴蒂头
阴蒂头,阴蒂腺
马尾,马尾
迷走神经副交感神经纤维,迷走神经副交感神经纤维
桡神经,桡神经
内膜,内膜
肛门梳,肛门梳
腮腺淋巴结,腮腺淋巴结
颈部脊髓灰质,颈部脊髓灰质
颈部脊髓灰质,颈段脊髓灰质
颈部脊髓灰质,颈区脊髓灰质
颈部脊髓灰质,颈脊髓灰质
颈部脊髓灰质,颈髓灰质
阴道层,阴道层
近端桡骨,近端桡骨
近端桡骨,近段桡骨
近端桡骨,桡骨近端
近端桡骨,桡骨近段
直肠周围区域,直肠周围区域
直肠周围区域,直肠周围区
常驻组织巨噬细胞,常驻组织巨噬细胞
淋巴母细胞,淋巴母细胞
淋巴母细胞,成淋巴细胞
胰脾淋巴结,胰脾淋巴结
阴茎静脉,阴茎静脉
足趾骨干,足趾骨干
心房心肌,心房心肌
心房心肌,心房肌
颈椎椎间盘纤维环,颈椎椎间盘纤维环
颈椎椎间盘纤维环,颈椎间盘纤维环
颈椎椎间盘间隙,颈椎椎间盘间隙
颈椎椎间盘间隙,颈椎间盘间隙
趾间、趾骨关节面,趾间趾骨关节面
颈内动脉脑段,颈内动脉脑段
大腿前表面,大腿前表面
大腿前表面,大腿前面
足趾表面皮肤,足趾表面皮肤
躯干外侧区皮肤,躯干外侧区皮肤
舌缘,舌缘
蝶窦,蝶窦
蝶窦,蝶状窦
纵隔后淋巴结,纵隔后淋巴结
掌浅弓,掌浅弓
乳晕,乳晕
指深屈肌肌腱,指深屈肌肌腱
指深屈肌肌腱,指深屈肌腱
颅底,颅底
盲肠,盲肠
咽囊,咽囊
咽囊,咽裂囊
趾间关节侧副韧带,趾间关节侧副韧带
趾间关节侧副韧带,足趾间关节侧副韧带
趾间关节侧副韧带,足指间关节侧副韧带
顶叶回,顶叶回
顶叶回,顶叶脑回
蜕膜,蜕膜
躯干毛发,躯干毛发
耳道软骨部,耳道软骨部
阴道穹窿,阴道穹窿
阴道穹窿,阴道穹
颈椎椎间盘髓核,颈椎椎间盘髓核
颈椎椎间盘髓核,颈椎间盘髓核
跖骨、趾骨关节面,跖骨趾骨关节面
胸段脊髓灰质,胸段脊髓灰质
胸段脊髓灰质,胸区脊髓灰质
胸段脊髓灰质,胸脊髓灰质
胸段脊髓灰质,胸髓灰质
近端胫腓关节,近端胫腓关节
近端胫腓关节,近侧胫腓关节
近端胫腓关节,胫腓近端关节
近端胫腓关节,胫腓近侧关节
趾骨头,趾骨头
趾骨头,足趾骨头
趾骨头,足指骨头
足趾外侧表面皮肤,足趾外侧表面皮肤
第二鳃弓,第二鳃弓
第二鳃弓,第2鳃弓
胃肠道粘膜下层,胃肠道粘膜下层
胃肠道粘膜下层,胃肠粘膜下层
手指腱鞘,手指腱鞘
阴部外动脉,阴部外动脉
趾背表面皮肤,趾背表面皮肤
胸骨体,胸骨体
跖跗关节,跖跗关节
跖跗关节,利斯弗朗氏关节
跖跗关节,跗蹠关节
跖跗关节,lisfranc关节
指屈肌,指屈肌
小腿三头肌,小腿三头肌
下颌下唾液器,下颌下唾液器
硬脊膜外隙,硬脊膜外隙
硬脊膜外隙,硬脊膜外腔
阴部神经,阴部神经
阴部神经,会阴神经
咽壁,咽壁
十二指肠上部,十二指肠上部
足趾表面皮下组织,足趾表面皮下组织
颈静脉淋巴结,颈静脉淋巴结
左侧冠状动脉前降支,左侧冠状动脉前降支
左侧冠状动脉前降支,左冠状动脉前降支
左侧冠状动脉前降支,左冠脉前降支
动眼神经核,动眼神经核
束支,束支
耳蜗总动脉,耳蜗总动脉
大脑前动脉,大脑前动脉
神经管,神经管
足趾外侧表面皮下组织,足趾外侧表面皮下组织
指浅屈肌肌腱,指浅屈肌肌腱
指浅屈肌肌腱,指浅屈肌腱
尿道腔,尿道腔
膀胱颈,膀胱颈
阴茎浅筋膜,阴茎浅筋膜
气管旁淋巴结,气管旁淋巴结
掌骨体,掌骨体
掌骨体,掌骨干
背侧肠系膜,背侧肠系膜
背侧肠系膜,背肠系膜
背侧肠系膜,背系膜
背侧肠系膜,上肠系膜
踝关节外侧韧带,踝关节外侧韧带
锥体束,锥体束
股直肌,股直肌
肠上皮,肠上皮
右心室肉柱,右心室肉柱
右心室肉柱,右室肉柱
足趾内侧皮肤,足趾内侧皮肤
远端桡骨,远端桡骨
远端桡骨,远侧桡骨
远端桡骨,桡骨远端
远端桡骨,桡骨远侧
腰椎下关节突,腰椎下关节突
趾骨粗隆,趾骨粗隆
趾骨粗隆,足趾骨粗隆
趾骨粗隆,足指骨粗隆
腹股沟环,腹股沟环
眶缘,眶缘
内分泌胰腺,内分泌胰腺
视盘,视盘
视盘,视乳头
视盘,视神经盘
视盘,视觉芽
视盘,视神经乳头
腋窝软组织,腋窝软组织
腋窝软组织,腋区软组织
腋窝软组织,腋下软组织
腰骶段脊髓灰质,腰骶段脊髓灰质
腰骶段脊髓灰质,腰骶部脊髓灰质
腰骶段脊髓灰质,腰骶区脊髓灰质
腰骶段脊髓灰质,腰骶脊髓灰质
肾段,肾段
腕部肌腱和腱鞘,腕部肌腱和腱鞘
远端腓骨,远端腓骨
远端腓骨,远侧腓骨
远端腓骨,腓骨远端
远端腓骨,腓骨远侧
桡动脉腕背支,桡动脉腕背支
趾背表面皮下组织,趾背表面皮下组织
足趾内侧皮下组织,足趾内侧皮下组织
硬腭,硬腭
掌背动脉,掌背动脉
髋关节软组织,髋关节软组织
髋关节软组织,髋部软组织
髋关节软组织,髋软组织
骶椎体,骶椎体
面部口周区皮下组织,面部口周区皮下组织
牙龈沟,牙龈沟
牙龈沟,龈沟
腰椎棘突,腰椎棘突
肾静脉,肾静脉
舌外肌,舌外肌
鼻甲骨,鼻甲骨
筋膜层,筋膜层
心包部分,心包部分
体表区,体表区
指腕掌关节,指腕掌关节
胸段棘上韧带,胸段棘上韧带
骶髂韧带,骶髂韧带
骶髂韧带,荐髂韧带
跖趾关节侧副韧带,跖趾关节侧副韧带
跖韧带,跖韧带
趾屈肌腱和腱鞘,趾屈肌腱和腱鞘
胸椎椎间盘水平,胸椎椎间盘水平
胸椎椎间盘水平,胸椎间盘水平
脊髓动脉,脊髓动脉
脊髓动脉,椎动脉脊支
尺侧指神经,尺侧指神经
桡尺关节韧带,桡尺关节韧带
前臂深伸肌肌腱,前臂深伸肌肌腱
前臂深伸肌肌腱,前臂深伸肌腱
脊柱筋膜,脊柱筋膜
腹腔淋巴结组,腹腔淋巴结组
牙列,牙列
齿脊,齿脊
牙龈游离区粘膜,牙龈游离区粘膜
牙龈游离区粘膜,龈游离粘膜
上颌牙龈附着区粘膜,上颌牙龈附着区粘膜
上颌牙龈附着区粘膜,上颌龈附着区粘膜
膝关节侧副韧带,膝关节侧副韧带
子宫颈表面,子宫颈表面
子宫颈表面,宫颈表面
腹壁动脉,腹壁动脉
背表面区域,背表面区域
背表面区域,背表面区
趾尖,趾尖
尺神经区域,尺神经区域
尺神经区域,尺神经区
正中神经区域,正中神经区域
正中神经区域,正中神经区
肺穴,肺穴
足排,足排
趾足底神经,趾足底神经
长指屈肌腱区域,长指屈肌腱区域
长指屈肌腱区域,长指屈肌腱区
长指伸肌腱区域,长指伸肌腱区域
长指伸肌腱区域,长指伸肌腱区
脑核,脑核
脑核,大脑核
精索静脉,精索静脉
肠系膜淋巴结,肠系膜淋巴结
脊椎骨骺,脊椎骨骺
骨盆骨骺,骨盆骨骺
三叉神经核,三叉神经核
眼神经分支,眼神经分支
眼神经分支,眼神经支
下颌神经分支,下颌神经分支
下颌神经分支,下颌神经支
面神经管面神经分支,面神经管面神经分支
面神经管面神经分支,面神经管面神经支
面神经管面神经分支,面神经管分支
面神经管面神经分支,面神经管支
面部面神经分支,面部面神经分支
面部面神经分支,面部面神经支
面部面神经分支,面支
颈神经丛外侧深支,颈神经丛外侧深支
颈神经丛外侧深支,颈丛外侧深支
颈神经丛外侧深支,颈丛神经外侧深支
晶状体悬韧带,晶状体悬韧带
腰椎椎孔,腰椎椎孔
腰椎椎孔,腰椎孔
结肠静脉,结肠静脉
卵巢血管,卵巢血管
颈椎肌腱,颈椎肌腱
作用在寰枕关节上的肌肉,作用在寰枕关节上的肌肉
作用在寰枢椎关节上的肌肉,作用在寰枢椎关节上的肌肉
腕关节软骨,腕关节软骨
大腿后肌肌肉附着,大腿后肌肌肉附着
囊胚,囊胚
囊胚,胚囊
原始内耳,原始内耳
胚胎内分泌,胚胎内分泌
前臂周围神经,前臂周围神经
前臂周围神经,前臂外周神经
前臂周围神经,前臂末梢神经
前臂周围神经,下臂周围神经
前臂周围神经,下臂外周神经
前臂周围神经,下臂末梢神经
左(非二尖瓣)房室瓣,左非二尖瓣房室瓣
右(非三尖瓣)房室瓣,右非三尖瓣房室瓣
共同房室(非二尖瓣，非三尖瓣)瓣叶,共同房室非二尖瓣非三尖瓣瓣叶
手关节滑膜,手关节滑膜
尺骨骨骺,尺骨骨骺
尺骨骨骺,尺骨骺
上蚓,上蚓
脊髓沟,脊髓沟
内耳静脉,内耳静脉
肝段动脉,肝段动脉
镜下肾,镜下肾
男性阴部内动脉分支,男性阴部内动脉分支
女性阴部内动脉分支,女性阴部内动脉分支
髂外动脉分支,髂外动脉分支
髂外动脉分支,髂外动脉支
胫前动脉分支,胫前动脉分支
胫前动脉分支,胫前动脉支
足背动脉分支,足背动脉分支
足背动脉分支,足背动脉支
中线鼻皮肤,中线鼻皮肤
骨半规管,骨半规管
虹膜边缘,虹膜边缘
虹膜边缘,虹膜缘
髂前上棘,髂前上棘
脑室下丘脑核,脑室下丘脑核
橄榄核,橄榄核
脾表面,脾表面
脾表面,脾面
左肝管支流,左肝管支流
左肝管支流,左肝管支
脑干脊髓丘脑束,脑干脊髓丘脑束
睑弓及其分支,睑弓及其分支
肋间下前动脉,肋间下前动脉
肋间下前静脉,肋间下前静脉
腰椎椎间盘间隙,腰椎椎间盘间隙
腰椎椎间盘间隙,腰椎间盘间隙
第四掌骨关节面,第四掌骨关节面
第四掌骨关节面,第4掌骨关节面
中间楔骨关节面,中间楔骨关节面
内侧楔骨关节面,内侧楔骨关节面
胸骨柄边缘,胸骨柄边缘
胸骨柄边缘,胸骨柄缘
腹股沟窝,腹股沟窝
胸淋巴干,胸淋巴干
跟骨关节面,跟骨关节面
胚胎咽囊,胚胎咽囊
前臂皮神经,前臂皮神经
前臂皮神经,下臂皮神经
鼓膜外部特征,鼓膜外部特征
颅腔骨结构,颅腔骨结构
甲状旁腺部分,甲状旁腺部分
乳尖牙,乳尖牙
脑干静脉,脑干静脉
骶骨部分,骶骨部分
小腿后筋膜室,小腿后筋膜室
臀部皮肤和[或]皮下组织,臀部皮肤和或皮下组织
砧骨骨结构,砧骨骨结构
面部深静脉支流,面部深静脉支流
面部深静脉支流,面部深静脉支
舌静脉支流,舌静脉支流
舌静脉支流,舌静脉支
视网膜中央静脉支流,视网膜中央静脉支流
视网膜中央静脉支流,视网膜中央静脉支
滑膜囊颈,滑膜囊颈
滑膜囊颈,滑囊颈
枕静脉支流,枕静脉支流
枕静脉支流,枕静脉支
迷路静脉支流,迷路静脉支流
迷路静脉支流,迷路静脉支
上颌切牙,上颌切牙
脑室室管膜,脑室室管膜
坐骨神经分支,坐骨神经分支
坐骨神经分支,坐骨神经支
半膜肌和[或]肌腱,半膜肌和或肌腱
半腱肌和[或]肌腱,半腱肌和或肌腱
足部骨髓,足部骨髓
作用于下唇和颊角的肌肉,作用于下唇和颊角的肌肉
泌尿器官,泌尿器官
泌尿器官,泌尿器
右踝关节和[或]足关节,右踝关节和或足关节
左踝关节和[或]足关节,左踝关节和或足关节
右眼脉络膜和[或]视网膜,右眼脉络膜和或视网膜
左眼脉络膜和[或]视网膜,左眼脉络膜和或视网膜
腺体,腺体
肌腱,肌腱
伸肌肌腱,伸肌肌腱
伸肌肌腱,伸肌肌腱
伸肌肌腱,伸肌腱
屈肌肌腱,屈肌肌腱
屈肌肌腱,屈肌肌腱
屈肌肌腱,屈肌腱
内收肌,内收肌
内收肌,收肌
血管,血管
动脉,动脉
静脉,静脉
横突,横突
髓核,髓核
腱膜,腱膜
骨骺,骨骺
骨骺,骺
滑膜,滑膜
软组织,软组织
脂肪组织,脂肪组织
脂肪组织,脂肪
韧带,韧带
横韧带,横韧带
棘间韧带,棘间韧带
纵韧带,纵韧带
脊神经根,脊神经根
筋膜,筋膜
腱鞘,腱鞘
骨干,骨干
椎间盘,椎间盘
肌肉,肌肉
肌肉,肌
滑膜囊,滑膜囊
滑膜囊,滑囊
纤维环,纤维环
关节突,关节突
下关节突,下关节突
上关节突,上关节突
脊柱棘突,脊柱棘突
脊柱棘突,棘突
灰质,灰质
白质,白质
黄韧带,黄韧带
半月板,半月板
椎体,椎体
肋骨,肋骨
肋骨,肋
肋骨缘,肋骨缘
肋骨缘,肋缘
肋骨面,肋骨面
肋骨面,肋面
肋骨结节,肋骨结节
肋骨结节,肋结节
肋骨体,肋骨体
肋骨软骨,肋骨软骨
肋骨软骨,肋软骨
淋巴管,淋巴管
平滑肌,平滑肌
骨骼肌,骨骼肌
皮肤,皮肤
周围神经,周围神经
周围神经,外周神经
周围神经,末梢神经
脊髓,脊髓
软骨,软骨
椎间孔,椎间孔
导管,导管
粗隆,粗隆
椎板,椎板
椎弓,椎弓
连接点,连接点
连接点,连接处
连接点,结合点
连接点,结合处
连接点,接合点
连接点,接合处
连接点,连接
连接点,接合
连接点,交界处
连接点,交界点
连接点,交界
棘突上韧带,棘突上韧带
棘突上韧带,棘上韧带
神经,神经
由左向右,由左向右
由左向右,左向右
由右向左,由右向左
由右向左,右向左
前外侧面,前外侧面
厚,厚
薄,薄
正常,正常
异常,异常
异常,反常
宽,宽
窄,窄
黑色,黑色
棕色,棕色
棕色,茶色
棕色,铁锈色
黄色,黄色
绿色,绿色
绿色,墨绿色
绿色,墨绿
白色,白色
均匀,均匀
均匀,均质
均匀,
均匀,均一
不均匀,不均匀
不均匀,欠均匀
不均匀,不均
不均匀,不均一
低,低
高,高
稍高,稍高
稍高,中高
中等,中等
良性,良性
恶性,恶性
非侵袭性,非侵袭性
非侵袭性,非侵袭型
非侵袭性,非侵袭
非膨胀性,非膨胀性
非膨胀性,非膨胀型
高级别,高级别
低级别,低级别
侵袭性,侵袭性
侵袭性,侵袭型
顽固性,顽固性
顽固性,顽固型
顽固性,顽固
浸润性,浸润性
浸润性,浸润型
非浸润性,非浸润性
非浸润性,非浸润型
非浸润性,非浸润
膨胀性,膨胀性
膨胀性,膨胀型
无症状性,无症状性
无症状性,无症状型
无症状性,非症状性
无症状性,非症状型
无症状性,无症状
无症状性,非症状
进展性,进展性
进展性,进行性
进展性,进展型
症状性,症状性
症状性,症状型
不稳定性,不稳定性
不稳定性,不稳定型
不稳定性,不稳定
成熟型,成熟型
成熟型,成熟
恶化,恶化
恶化,加重
轻度,轻度
轻度,轻微
轻度,轻型
中度,中度
重度,重度
重度,重症
重度,重型
重度,严重
广泛性,广泛性
广泛性,广泛型
广泛性,广泛
不完全性,不完全性
不完全性,不完全
部分性,部分性
完全性,完全性
完全性,完全型
完全性,完全
纠正性,纠正性
纠正性,纠正型
纠正性,矫正性
纠正性,矫正型
增加,增加
增加,增高
增加,上升
减少,减少
减少,降低
减少,下降
稳定性,稳定性
稳定性,稳定型
稳定性,稳定
持续性,持续性
持续性,持续型
持续性,持续
延迟性,延迟性
延迟性,延迟型
延迟性,延迟
急性,急性
慢性,慢性
陈旧性,陈旧性
陈旧性,陈旧型
可逆性,可逆性
可逆性,可逆型
反复,反复
残余,残余
永久,永久
永久,永存
临时,临时
发病描述,发病描述
早发型,早发型
早发型,早发
晚发型,晚发型
晚发型,迟发型
晚发型,迟发
脂肪样,脂肪样
脂肪样,脂肪性
脂肪样,脂肪型
散在纤维腺体密度,散在纤维腺体密度
分层,分层
分层,层状
浊度描述,浊度描述
胆汁样,胆汁样
胆汁样,胆汁性
胆汁样,胆汁型
血性,血性
非钙化性,非钙化性
非钙化性,非钙化
非胆汁型,非胆汁型
非胆汁型,非胆汁性
非胆汁型,非胆汁
液体样,液体样
液体样,液状
囊性,囊性
囊性,囊状
浆液性,浆液性
浆液性,浆液型
出血性,出血性
非出血性,非出血性
蛋白质样,蛋白质样
蛋白质样,蛋白质性
黏液性,黏液性
黏液性,粘液性
黏液性,黏液型
黏液性,黏液型性
钙化样,钙化样
钙化样,钙化性
骨化样,骨化样
骨化样,骨化性
含脂肪,含脂肪
含气体,含气体
含气体,含气
含气体,气性
含液体,含液体
含液体,含液
含液体,液性
单纯性,单纯性
单纯性,单纯型
单纯性,单纯
复杂性,复杂性
复杂性,复杂型
复杂性,复杂
干酪样,干酪样
干酪样,干酪性
非干酪样,非干酪样
非干酪样,非干酪性
非干酪样,非干酪
软骨样,软骨样
软骨样,软骨性
胶原性,胶原性
干燥性,干燥性
干燥性,干燥
气态,气态
液化性,液化性
液化性,液化型
骨样,骨样
骨样,骨性
空洞样,空洞样
空洞样,空洞性
清楚,清楚
清楚,清晰
清楚,清亮
清楚,清
云雾状,云雾状
云雾状,云雾样
混浊,混浊
混浊,浑浊
化脓性,化脓性
化脓性,脓性
化脓性,化脓样
化脓性,脓样
减小,减小
减小,变小
大小对称,大小对称
大小对称,尺寸对称
大小不对称,大小不对称
大小不对称,大小非对称
大小不对称,尺寸不对称
大小不对称,尺寸非对称
增大,增大
增大,扩大
增大,变大
增宽,增宽
增宽,加宽
增宽,变宽
缩窄,缩窄
缩窄,变窄
前倾,前倾
后倾,后倾
连续性,连续性
连续性,连续型
连续性,连续
不连续性,不连续性
不连续性,非连续性
不连续性,非连续型
不连续性,不连续
后屈,后屈
水平方向,水平方向
垂直方向,垂直方向
垂直方向,垂直
横向,横向
纵向,纵向
放射样,放射样
放射样,放射状
同心,同心
偏心,偏心
矢状,矢状
冠状,冠状
球状,球状
球状,球形
球状,球样
毛刺状,毛刺状
毛刺状,毛刺样
毛刺状,毛刺
毛刺状,星状
毛刺状,星形
粗糙,粗糙
粗糙,毛糙
粗糙,爆米花样
粗糙,爆米花
蛋壳样,蛋壳样
蛋壳样,蛋壳
棒状,棒状
棒状,棒形
棒状,棒样
多边形,多边形
细线样,细线样
细线样,细线状
细线样,细线
细线样,线状
细线样,分支状
粗糙均匀,粗糙均匀
微多边形,微多边形
平台状,平台状
平台状,平台样
平台状,平台
棱角状,棱角状
棱角状,角状
棱角状,三角形
棱角状,成角
弓形,弓形
弓形,弓状
下凹,下凹
下凹,凹陷
上凸,上凸
上凸,凸起
上凸,突起
多腔,多腔
多腔,多房
锯齿状,锯齿状
锯齿状,锯齿样
锯齿状,锯齿形
锯齿状,锯齿
未折叠,未折叠
弧形,弧形
弧形,拱形
弧形,
圆形,圆形
方形,方形
洋葱皮样,洋葱皮样
洋葱皮样,洋葱皮状
椭圆形,椭圆形
椭圆形,椭圆状
椭圆形,椭圆
椭圆形,卵圆形
椭圆形,卵圆样
椭圆形,卵形
分叶状,分叶状
分叶状,小叶状
分叶状,分叶样
分叶状,分叶
结节样,结节样
结节样,结节性
息肉样,息肉样
带蒂,带蒂
带蒂,有蒂
对称,对称
不对称,不对称
不对称,非对称
不规则,不规则
不规则,非规则
不规则,欠规则
楔形,楔形
楔形,楔状
串珠样,串珠样
串珠样,串珠状
串珠样,串珠
轮辐样,轮辐样
轮辐样,轮辐状
拉直,拉直
弯曲,弯曲
弯曲,迂曲
充气,充气
萎缩性,萎缩性
双叶状,双叶状
双叶状,双叶
钝性,钝性
钝性,钝圆
压缩性,压缩性
盘状,盘状
扭曲,扭曲
扭曲,歪曲
纤维性,纤维性
纤维性,纤维样
纤维性,纤维状
扁平,扁平
菜花样,菜花样
菜花样,菜花状
梭形,梭形
内陷,内陷
内陷,塌陷
腔隙性,腔隙性
混合性,混合性
混合性,混合型
斑块状,斑块状
斑块状,斑块样
多形性,多形性
点状,点状
点状,斑点状
点状,针尖状
点状,针尖样
网状,网状
分隔性,分隔性
分隔性,分隔型
盘旋,盘旋
尖锐,尖锐
光滑,光滑
光滑,光整
管状,管状
管状,管样
实质性,实质性
实质性,实性
块状,块状
块状,团块状
块状,团块
小结节样,小结节样
大结节样,大结节样
高密度,高密度
低密度,低密度
密度不均匀,密度不均匀
密度不均匀,密度不均
密度不均匀,不均匀密度
密度不均匀,混合密度
致密,致密
密度均匀,密度均匀
密度均匀,均匀密度
密度均匀,均匀致密
毛玻璃样,毛玻璃样
毛玻璃样,毛玻璃
毛玻璃样,磨玻璃样
毛玻璃样,磨玻璃
等密度,等密度
弥漫,弥漫
弥漫,弥散
多发性,多发性
多发性,多灶性
斑片状,斑片状
斑片状,斑片
散在,散在
散在,散发
