整,个
动,脉
关,节
结,构
感,染
神,经
肿,瘤
静,脉
发,性
特,指
杆,菌
皮,肤
特指,的
恶,性
综,合
病,毒
除,术
组,织
其,他
综合,征
骨,折
生,儿
新,生儿
细,胞
切,除术
血,管
先,天
先天,性
损,伤
沙,门
开,放
异,常
障,碍
疾,病
开放,性
恶性,肿瘤
胎,儿
韧,带
急,性
引,起
淋,巴
引起,的
缺,乏
未,特指的
气,管
主,动脉
原,发性
部,分
整个,第
闭,合
发,育
其他,特指的
肌,腱
氏,菌
球,菌
慢,性
皮,下
功,能
胸,椎
所,致
脱,位
腹,腔
并,发
外,侧
膜,炎
皮下,组织
软,骨
系,统
纤,维
继,发性
甲,状
导,致
支,气管
不,良
镜,下
脊,髓
椎,间
心,脏
子,宫
畸,形
伤,性
切,开
导致,的
检,查
移,植
心,肌
闭合,性
相,关
肺,动脉
病,损
不,全
血,症
颈,椎
肌,肉
不,伴
部,位
连,接
冠,状
酶,缺乏
尖,瓣
结,合
修,补
合,并
良,性
沙门,氏菌
修补,术
乳,房
淋巴,结
甲状,腺
结,节
呼,吸
血,栓
网,膜
下,颌
内,侧
心,室
合,术
腰,椎
指,骨
蛋,白
出,血
和,或
固,定
遗,传
沙门,菌
妊,娠
精,神
下,肢
菌,性
肋,骨
结,肠
乳,头
行,为
冠状,动脉
食,管
创,伤性
转,移
生,殖
撕,裂
影,响
伤,口
药,物
胆,囊
椎间,盘
免,疫
第,二
阴,道
营,养
区,域
霉,菌
分,支
脊,柱
第,三
分,娩
上,颌
第,一
输,卵
输卵,管
病,变
卵,巢
间,关节
整,体
表,面
尿,道
肺,炎
狭,窄
分,枝
治,疗
氏,杆菌
视,网膜
扩,张
遗传,性
分,泌
生,物
虫,病
菌,病
缺,陷
栓,塞
关节,炎
房,室
单,胞
开放性,骨折
十,二
手,术
形,术
胆,管
病损,切除术
膀,胱
并发,症
导,管
感染,性
第,四
第,五
梗,阻
葡,萄
孢,子
远,端
异,物
硬,化
二,尖瓣
人,工
女,性
上,肢
扁,桃
骨,盆
单胞,菌
肠,道
运,动
直,肠
完,全
发育,不良
成,形术
胰,腺
间,隔
结,核
前,列
或,新生儿
的,影响
恶性,瘤
阴,茎
颈,部
前列,腺
性,心
胎儿,或新生儿
囊,肿
虫,感染
获,得
趾,骨
筋,膜
分枝,杆菌
扁桃,体
伴,有
近,端
水,平
获得,性
引,流
伴,发
置,换
良性,肿瘤
发,作
置,入
粘,膜
骨,髓
周,围
肾,上
脓,肿
复,位
确,定
中,毒
血,清
发育,不全
大,肠
股,骨
菌,属
病毒,性
代,谢
疱,疹
手,指
肾上,腺
高,血
营养,不良
拇,指
形,成
瓣,膜
切,除
开放性,伤口
睾,丸
缺,损
单,纯
基,底
间,隙
固定,术
掌,骨
左,侧
锁,骨
家,族
闭合性,骨折
腓,骨
心,包
器,官
右,侧
装,置
胫,骨
关节,面
乳,腺
男,性
动脉,瘤
心,房
半,脱位
咽,部
十二,指
十二指,肠
不,确定
反,应
症,状
亚,种
膝,关节
原,体
氨,酸
婴,儿
异,位
性,疾病
糖,尿
大,脑
心肌,病
移植,术
松,解
有,关
疾,患
尿,管
腹腔,镜
梅,毒
链,球菌
腹腔,镜下
减,少
会,厌
背,侧
破,裂
活,动
坏,死
骨,骺
原,位
活,组织
活组织,检查
多,发性
植,入
三,尖瓣
糖尿,病
跖,骨
吻,合术
正,常
减,退
主动脉,瓣
腔,静脉
上,皮
高血,压
家族,性
发,的
小,肠
运,输
状,细胞
骨,骼
紊,乱
输,尿管
肩,胛
有关,的
肺,静脉
口,腔
角,膜
切开,术
胸,骨
部,皮肤
肝,炎
螺,旋
增,生
衰,竭
病毒,感染
溃,疡
引流,术
皮,质
内,分泌
前,臂
胸,腔
中,央
桡,骨
血,性
胸,膜
尺,骨
葡萄,球菌
鼻,咽
双,侧
脂,肪
腹,部
膜,下
磨,牙
性,感染
芽,孢
增,多
腹,膜
风,湿
疼,痛
磷,酸
置入,术
关节,病
染,色
阻,塞
贫,血
椎,体
房室,瓣
萎,缩
细,菌
色,素
性,肿瘤
抑,郁
脑,炎
颅,内
置换,术
肱,骨
未,特指
垂,体
联,合
躯,干
外,阴
结,石
神经,系统
生物,学
节,指骨
头,部
激,素
脑,膜炎
经,皮
心,内
染色,体
肺动脉,瓣
的,其他
缝,合术
会,阴
鳞,状细胞
关节,突
生物学,行为
小,腿
结合,部
使,用
表,皮
股,沟
黄,疸
小,脑
伴,感染
原位,癌
去,除术
癣,菌
腹,股沟
缺,失
扭,伤
血栓,形成
芽孢,杆菌
颅,骨
淋巴,管
胎儿,新生儿
病,性
口,咽
撕裂,伤
虫,属
细胞,瘤
行,性
内,镜下
链,霉菌
生殖,器
穿,刺
源,性
发育,异常
混,合
相关,性
系,膜
象,限
综合,症
变,性
切,断
造,口
引起的,感染
腺,癌
肛,门
物,质
念,珠
去,除
足,部
闭,塞
对,胎儿或新生儿
脊,椎
部分,切除术
内,固定术
丘,脑
流,感
放,线
肌,肌腱
呼吸,道
阴,囊
浅,表
踝,关节
第,十
粘,液
红,细胞
内,动脉
局,部
免疫,缺陷
大,腿
神经,根
牙,槽
水,肿
右,肺
沙门,氏杆菌
动,静脉
相关,的
沙,氏杆菌
功能,障碍
骨髓,炎
肉,瘤
产,后
指,间关节
导致的,感染
神经,节
原发性,恶性肿瘤
支,架
松解,术
眼,睑
沙门,杆菌
损,害
化,脓
主动脉,弓
横,突
传,染
胸,部
手,部
功能,减退
人,类
引,发的
间,质
脉,络
感,觉
间隔,缺损
术,后
继,发
面,部
脑,室
复,发性
旁,腺
操,作
面,皮肤
出,术
痛,风
左,心室
分,裂
切除,伴
持,续
伤,害
腺,瘤
性,恶性肿瘤
重,度
腱,鞘
乳头,状
围,产
水,疱
前,庭
鼻,窦
特,发性
损伤,或
生,素
椎间,孔
造,影
闭,锁
肝,脏
放,射
类,型
淀,粉
胎,盘
注,射
髋,关节
通,过
产,伤
外,耳
生,长
盆,腔
擦,伤
对胎儿或新生儿,的影响
外,伤性
甲状,旁腺
消,化
静脉,结构
损伤或,伤害
中,枢
事,件
细,菌性
移植,物
中,隔
假,体
测,量
交,通
累,及
流,产
鳞状细胞,癌
脓,毒
连接,处
闭合,骨折
麻,痹
整个,左
屈,肌腱
肠,沙门氏菌
假,单胞菌
血清,种
不,足
未,定
乳,突
脑,膜
风湿,性
第,六
状,态
增多,症
肉,芽
失,调
肠道,亚种
取,出术
继发性,恶性肿瘤
甲,基
螺旋,体
颈,动脉
关节,囊
血,病
肠沙门氏菌,肠道亚种
完全,性
转移,性恶性肿瘤
不确定,行为
复位,术
起,源
上,臂
心肌,梗
下,动脉
肠,系膜
毛,细
纵,隔
对,胎儿新生儿
暂,时
肉芽,肿
软,组织
静脉,炎
切,牙
腹,壁
结,膜炎
面,皮下组织
结,膜
中,心
整个第,三
酒,精
经,腹腔镜
右,心室
黄,色
接,合
烧,伤
动脉,结构
泌,尿
子宫,颈
探,查
产,褥
肩,关节
母,体
沉,着
头,影
低,血
小,指
副,韧带
菌,感染
轻,度
声,带
头影,测量
无,名
常,染色体
头,痛
斯,特
过,敏
化脓,性
生物学行为,未定
第,七
肥,大
淀粉,样
产褥,期
暴,露
交,感
骨,骨折
整个第,四
重,建
氧,化
小,叶
叶,支气管
区,皮肤
自,体
酶缺乏,症
曲,张
滑,膜
过,多
后,天
对胎儿新生儿,的影响
活,检
全,身
恐,怖
线,虫
分,流
不,可
声,门
生物学行为未定,性肿瘤
睡,眠
性,骨
入,路
肋,结节
状,体
胆囊,炎
胆,道
原,发
阻,滞
痴,呆
胰,岛
鼻,炎
传,导
整个,胸
裂,伤
弧,菌
结节,性
半,月
中,间
创,伤
阿,米
食,指
氏,综合征
维,生素
性,肺
探查,术
缺乏,症
坏,疽
囊,炎
足,底
粘,连
性,骨折
髌,骨
他,处
断,裂
痉,挛
所致,的
高,压
脉络,膜
暂时,性
暴露,于
血,小
血小,板
孢子,菌
哮,喘
病,伴
结,扎
典,型
整个第,五
趾,关节
淋巴,瘤
静脉,曲张
缺,如
酵,母
复,术
机,能
部位,的
鼻,中隔
伸,肌腱
分,离
缓,解
儿,童
复,合
下颌,骨
整个第,二
胸椎,椎间盘
问,题
积,症
粗,隆
脚,趾
整个,右
根,治
腰,骶
归,类
粒,细胞
支气管,炎
单,侧
白,血病
抑,制
空,肠
腕,关节
纤维,化
不确定行为,肿瘤
在,他处
内,膜
血,肿
中,指
巩,膜
病毒,属
鼻,腔
归类,在他处
污,染
指,关节
原,虫
后,壁
氨,基
因,子
黏,膜
皮,炎
棘,突
三,角
阿米,巴
败,血症
刺,激
肾,盂
大肠,杆菌
转移,至
小,管
交,界
毛,癣菌
牙,龈
宫,颈
与,损伤或伤害
产,科
瘤,病
肘,关节
脑,神经
冠,脉
切开,引流术
切断,术
连接,部
不可,归类在他处
与损伤或伤害,有关的
背,部
镜,检查
弥,漫
搭,桥
不伴,有
性,脑
超,声
性,皮肤
状,软骨
肋,间
红,斑
足,趾
重建,术
不可归类在他处,者
持续,性
性,鼻炎
尿,症
昆,虫
破,坏
严,重
腮,腺
同,种
嗜,酸
颅,神经
外,周
性,肌
受,害
复,杂
肌,结构
耻,骨
起源,于
性,肝
作,为
单纯,疱疹
电,图
动脉,导管
心脏,病
诊,断
结合,部位
动,物
前,动脉
息,肉
左,肺
毛细,血管
中,度
接,触
状,骨
过,度
囊,性
开放性伤口,的
流,出
虹,膜
水平,的
炎,症
正,术
纤维,环
眼,球
女性,乳房
吸,虫
固,醇
总,管
产,前
受,损
厌,氧
伤口,污染
全,部
情,感
食,物
胸,壁
掌,侧
第,九
胚,胎
白,质
结扎,术
功能,不全
不,明
半月,板
性,心肌病
动,过
穿,孔
标,本
杆菌,属
衣,原体
切开,复位
位,于
收,缩
喉,部
软,腭
流出,道
牙,齿
挫,伤
球,虫
挛,缩
消,融
病,症
骨,化
意,外
激,光
循,环
弯,曲
增,加
内,固定
回,肠
总,动脉
骨,干
乳头,肌
围产,儿
椎,弓
智,力
支,结构
妊娠,期
髓,核
状,菌
心肌,炎
播,散
线,虫感染
活动,的
皮肤,和
修,复术
陆,地
融,合术
合并,感染
不确定,的
趾,间关节
球菌,性
障碍,伴
血栓,性
运动,或
分,之
门,静脉
病毒,病
中枢,神经系统
围,生儿
寄,生
胃,肠
头,皮
肥,厚
医,疗
心,血管
耳,聋
胆,总管
肾,脏
三,分之
梭,菌
深,静脉
裂,孔
支,原体
移,位
身,体
曲,霉菌
未,知
有,害
海,绵
混合,性
骨,肿瘤
韧带,结构
结合,点
腔,内
阴,性
精神,病
鼻,根
吻,合
锻,炼
包,括
三分之,一
心,电图
下,腔静脉
胸椎,间
融,合
连,锁
植入,术
单纯,性
括,约
亢,进
显,性
部,结构
外,伤
附,睾
中,的
继发性,恶性
氏,病
伸,肌
迷,走
艾,美
由,于
继发性,恶性瘤
消融,术
方,式
股,动脉
利,什
无名,指
左,室
运动或,锻炼
乳,糖
正,中
第,八
胰岛,素
右,室
远,侧
骨,质
骨,间
变,形
成,人
中,耳
肥,胖
缺,血
后,侧
整个第,一
肢,体
性,肺炎
癫,痫
病,理
解,剖
内,窥
绒,毛
搭桥,术
人类,免疫缺陷
型,心肌病
后天,性
诺,卡
眼,眶
假,性
辅,助
精,囊
肩,部
受害,者
肩胛,骨
原发性,恶性
依,赖
传染,性
上颌,骨
人,格
游,离
肋,软骨
结构,发育异常
骨,术
淋巴,细胞
锁骨,下动脉
动过,速
连接,部位
运动或锻炼,活动的
张,力
屈,肌
括约,肌
或,肌腱
带,状
埃,希
玻,璃
运动或锻炼活动的,类型
边,缘
乙,状
病毒,型
弓,形
弥漫,性
异常,起源于
血管,瘤
特,征
血管,炎
主动脉,窦
心肌梗,死
精,管
舌,骨
宫,内
生殖,道
人工,血管
曲,霉
钙,化
胆,汁
脓毒,症
多,发
力,衰竭
利什,曼
粥,样
腹,主动脉
虫属,感染
脊髓,损伤
肌,营养不良
旁,路
麻,醉
放线,菌
结合,处
转移性恶性肿瘤,转移至
骶,骨
变,应
中,性
性,腺
疗,法
坐,骨
红,素
小,孢子菌
作,用
指,间
神经,病
上,腔静脉
大,疱
唾,液
终,止
的,肌肉
下,咽
临,床
代谢,紊乱
骨,结构
造,成
焦,虑
念珠,菌病
蛛,网膜
精神,分裂
积,病
减,压
回,旋
酸,中毒
降,支
局,限
孕,妇
肝,内
嗜,血
积,液
吸,入
整个,颈
改,变
第十,一
球,囊
带状,疱疹
原,因
形,态
溶,血性
其他,特指
分支,杆菌
卟,啉
的,损伤
细胞,癌
意,图
闭合性,创伤性
第,十二
短,暂
少,年
艾美,球虫
皮肤和,皮下组织
范,围
皮,瓣
活,性
下,叶
关,闭
绦,虫
意图,不确定的
传导,阻滞
心内,膜炎
脊,膜
环,指
缺,血性
输卵管,卵巢
脱,硫
乙状,结肠
外伤性,水疱
精神分裂,症
亚,急性
脱,氢
并发,感染
腋,窝
效,应
整个第,十
憩,室
石,术
小,趾
加,害
鼓,室
补,片
硬,膜下
胃,肠道
神经,丛
胆,红素
阳,性
视,神经
粥样,硬化
破坏,术
头,肌
伴发,感染
输,精管
强,直
异,体
胰,管
腕,骨
表,浅
骨,软骨
心包,炎
丧,失
休,克
主,要
病毒,引起的
开放性,伤
线,虫病
自,身
造口,术
迷走,神经
常染色体,显性
积,水
皮,病
直,肌
膜,外
口,咽部
心内,膜
受害者,的
早,产
金,黄色
酸,盐
变,种
耳,蜗
上颌,窦
一,过
饮,食
分,化
固,有
疏,松
跖,趾关节
后,动脉
霉,素
发,生
志,贺
孤,立
奈,瑟
革,兰
肌,病
立,克
第,趾
中,段
失,败
结,缔
精神,病性
性,贫血
输,血
支,配
人类免疫缺陷,病毒感染
皮肤,结构
无,毒
右,心房
内,脏
肾,动脉
球,蛋白
一过,性
结缔,组织
免疫,性
充,血
脐,带
大肠,埃希
除,外
合,成
开,口
肌肉,骨骼
胸腔,镜下
网,状
化,学
室,间隔缺损
减少,症
进,行性
胞,浆
功能减退,症
耐,药
面,结构
某,些
跗,骨
困,难
咬,伤
肺,部
原发性,恶性瘤
孢,菌
中,受害者的
活检,术
肿,胀
终止,妊娠
交,叉
隐,窝
扩张,术
幼,年
掌,指关节
腱,索
性心,动过速
幽,门
共,济
静脉,窦
隐,静脉
损伤,事件
楔,骨
蛛网膜,下
非,典型
近,侧
青,少年
隐,性
产,伤性
栓塞,术
吸,收
早,期
心脏,瓣膜
毒,性
脓,疱
脱,垂
双,相
足,跟
远,节指骨
型,糖尿病
松,弛
血栓,栓塞
共济,失调
硬,膜外
结肠,炎
功能,性
血,液
甲,烷
关闭,不全
伤,寒
限,制
棒,状
血管,损伤
左,心房
播散,性
型,肝炎
外,科
组织,胞浆
质,性
特,定
劳,损
腺,样
糖,原
体,癣
延,长
角,化
晶,状体
妄,想
鼓,膜
杓,状
无毒,昆虫
支架,置入术
包,皮
的,皮肤
悬,吊
表皮,松解
真,菌
出血,性
肘,部
额,窦
稳,定
中,切牙
胸,廓
观,察
侧,壁
侧,副韧带
筋膜,或肌腱
整个,下
开放性,创伤性
肺动脉,高压
性,关节炎
侵,袭
屈,曲
肾,炎
芽,胞
上,呼吸道
系统,性
维生素,缺乏
共,同
凝,血
连,线
清,创
粘连,松解术
外耳,道
跟,骨
面,神经
纤维,瘤
蝶,骨
附,着
线,头影测量
面,骨
返,流
沉,积症
碎,片
吸,虫病
继发,于
骶,椎
诊断,性
浸,润
阔,韧带
裂孔,疝
晚,期
起,搏
腘,动脉
所,见
梅毒,性
精,索
右,冠状动脉
白,喉
多,处
金黄色,葡萄球菌
指,甲
尾,骨
运输,损伤事件
釉,质
肾上腺,皮质
机,械
病毒,导致的
重,叠
清,除术
卡,因
体,部
故,意
支,流
束,支
复杂,性
白,细胞
立克,次
移,行
玻璃,体
血栓性,静脉炎
灰,质
引发的,感染
心,境
区,皮下组织
止,血
杓状,会厌
低血,糖
表面,异物
部分,切除伴
髋,臼
特,异
躁,狂
瓣,叶
子宫,内膜
生,成
喉,炎
筛,窦
区,结构
肾,病
围产,期
气,体
青,霉菌
细,支气管
甲状腺,肿
鱼,鳞
大疱,性
锁,关节
扩,大
故意,自
葡萄,糖
穹,窿
舌,下
菌性,感染
楔,形
关节,结构
毒,素
臀,部
滤,泡
星,状
结核,性
内侧,面
不,称
下,缘
横突,间
减压,术
先天性,畸形
故意自,害
所致,感染
第五,趾
透,析
胆囊,管
异物,取出术
反,流
麻,疹
滑,膜炎
肺,泡
第,颈椎
骨折,伴
前,壁
短暂,性
外,固定
交感,神经
周,期
鼻,甲
自,主
咽,炎
动脉,炎
失,常
苯,丙
毛,发
母,亲
颈,总动脉
硬化,性
淋巴结,结构
肌,层
内,障
周围,神经
肌,的
滴,虫
肿瘤,切除术
脂,蛋白
转移,酶缺乏
真,菌病
孢子,虫
系,带
二,氏综合征
软,化
偏,头痛
巨,细胞
距,骨
颞,下颌
过敏,性鼻炎
关节,部分
前,磨牙
伴,急性
乳头状,瘤
脑,桥
精神,活性
Ⅱ,型
蜂,窝
成,熟
食,道
连接,点
后,外侧
液,体
上,象限
骨质,疏松
胸,腺
肋骨,结节
脑,血管
膨,出
淋,病
青,霉
呼吸,系统
棒状,杆菌
碎片,伤
反应,性
的,症状
不伴,发
和,腱鞘
胆管,结石
髂,动脉
功能,亢进
动静脉,瘘
或,扭伤
分流,术
血清,型
涉,及
制,剂
根治,性
壶,腹
瘢,痕
开放性伤口的,碎片伤
梗阻,的
抑制,剂
红,蛋白
骨,关节炎
球,形
神经,性
闭合,术
老,年
肋,肋
前,降支
节,趾骨
头,癣
劳损,或扭伤
情,况
盆,不称
肺,叶
节,段
扩张,型心肌病
乙,酰
白,内障
心肌梗,塞
射,频
植入,物
心,律
全身,性
转,运
变,异
流,行性
股,静脉
耳,廓
核,细胞
侵袭,性
骨骼,肌
风,疹
枢,椎
存,在
阑,尾
环,境
取,石术
布,鲁
关节,软骨
不,完全
昏,迷
坏死,性
病理,性骨折
悬吊,术
杆,状菌
成,骨
部分,皮肤
感染性,疾病
血管,内
窒,息
腕,掌
胸椎,全
震,颤
经,尿道
椎,板
泪,囊炎
左,冠状动脉
分枝杆菌,感染
抑郁,症
颧,骨
椎弓,根
下,静脉
抽,吸
中毒,性
蝶,窦
整个,上
补片,修补术
雅,司
根治,术
鼻,咽部
远端,指间关节
放射,性
中,节指骨
出,口
移位,术
药,用
出,生
室,间隔
外,翻
人,造
意,识
不,合并
淀粉样,变性
右,房室瓣
近,节指骨
绞,痛
针,内固定术
支,持
试,验
背,面
延,迟
不伴,开放性伤口的碎片伤
绦,虫感染
髓,质
腕,或
精神活性,物质
吸,虫感染
性,障碍
上,叶
整个第,六
充血,性心
止血,术
起搏,器
内,翻
眼,部
增,殖
脊,神经根
枕,骨
皮下组织,结构
产,妇
离,断
缓解,期
酸,血症
腕,部
中,部
黄,斑
紧,张
齿,槽
内,膜炎
药物,性
妊娠,分娩
开放性伤口,但
嗜血,杆菌
胆,固醇
紫,癜
骨折,切开复位
囊肿,切除术
脑,病
淋巴结,群
鼻,孔
新生儿,暂时性
酰,胺
悬,雍
悬雍,垂
血,红蛋白
肾,小
血管,性
代谢,障碍
指,趾
病毒性,肝炎
双,胎
基,因
氨酸,血症
上,动脉
下,关节突
尿,路
梨,状
器,质性
海绵,体
修,正术
中,海
大,趾
性,失
指,神经
芽胞,杆菌
腹,侧
动脉,粥样硬化
敏,感
颈,内动脉
第,指
体,病
髂,骨
胰腺,炎
清创,术
腕或,手
疝,修补术
旋,转
分娩,性
羊,水
末,端
菌,科
甲,癣
三,叉
拇,趾
伤,及
孢,霉
腹膜,后
整个,手
月,经
环,状软骨
马,杜
马杜,拉
后,角
发,病
缺,氧
特异,性
矫,正术
透,明
阴,蒂
汇,入
地,中海
下,部
梗,死
栓,子
羊,膜
革兰,氏
酸,杆菌
延,髓
不,能
神经,痛
梗,塞
孤立,性
动,力
外,动脉
疾患,未特指的
贮,积病
内,耳
抬,高
吻合,口
氨基,酸
保,健
胎,盆不称
浅表,损伤
缩,窄
表,现
灌,注
内,静脉
淋,球菌性
扁桃体,炎
双,极
成骨,不全
网,膜炎
进,行
下,丘脑
泪,腺
阴,唇
体,重
经,鼻
所致,疾病
钩,端
迟,缓
母,细胞瘤
内窥,镜
缩,短
上,唇
通过,胎盘
接合,部
肱,二
手术,后
臂,丛
消化,道
关节,部
辐,射
尺,侧
病毒,科
粘液,性
沉着,症
不,完全性
皮肤,病
间,的
下,段
神经,结构
瘘,修补术
围,生
围生,期
硫,酸
四,肢
胸腔,镜
颈,静脉
障碍,未特指的
寄生,虫
个,人
腓,肠
压,迫
段,抬高
剥,脱
调,节
炎,性
整个第,七
肢,端
整个,耳
胸,主动脉
肋结节,非
腹腔,开放性伤
膈,肌
视,网膜炎
肝,管
毛细血管,扩张
并发症,的
所,有
模,式
控,制
药物,所致
线,粒
肠,炎
单,核细胞
前,部
疟,原虫
挤,压
被,动
低,下
或,其他
中性,粒细胞
囊,结构
椎,骨
咽,鼓
夹,层
外,部
第,胸椎
新生儿,一过性
尺,神经
前,外侧
陆地,运输
军,团
经,内窥镜
牵,引
节,律
已,感染
早产,儿
黑,色素
咽鼓,管
上,静脉
开放性,脱位
躯,体
脊髓,灰质
瘘,管
同种,免疫
肌,炎
左,房室瓣
植,物
产,生
上,关节突
性,皮炎
关,系
矢,状
性心,包
症,伴
精神,障碍
间,歇
生殖,器官
肺静脉,异位
不,稳定
具,有
开放性,创伤
瘫,痪
钩端,螺旋体
杓状会厌,襞
上,缘
关节面,结构
结核,病
基底,部
红细胞,增多症
骨折,脱位
创伤性,切断
无,力
下,象限
青,春
舟,骨
牙,本
牙本,质
念珠,菌
诺卡,氏菌
接,种
变应,性
腹腔,开放性伤口
蛋白,尿
巴,尔
多,糖
广,场
细胞,性
皮,层
胸椎间,盘
唾液,腺
腰,部
气管,支气管
泌,尿道
第三,趾
多,部位
螺,菌
溶,解
体,征
广场,恐怖
关节,镜
多,形
脑,积水
外侧,面
西,林
慢性,痛风
Ⅰ,型
护,理
类,固醇
局限,性
结合,部分
肩,峰
骤,停
退,行性
上,叶支气管
恐,惧
气,道
肛,周
最,近
因,素
动脉,干
其他,或
腭,裂
非,二尖瓣
开放性,损伤
灼,术
颞下颌,关节
瞳,孔
直,视
创伤性,脱位
第四,趾
前,侧
肌,张力
眼,内
克,雷
社,会
肝,静脉
复,发
嗜酸,性
的,胎儿
雅司,病
椎,管
淋,球菌
髋,部
底,部
肾,小管
食物,中毒
小,儿
间,韧带
用,于
桡,侧
发,癣菌
显,微
压,痛
巨,大
神经,损伤
的,结构
麻,风
梗阻,性
尔,森
引起的,疾病
痉挛,性
开,窗
荚,膜
后,部
生殖,系统
龟,头
下,狭窄
人格,障碍
前,房
丝,虫
入,口
肾小,球
线粒,体
第,腰椎
闭,孔
运输,相关
运输相关,事件
球菌,属
大疱性,表皮松解
反,射
突,出
声门,上
白,色
腰,椎间盘
分支,结构
尖,牙
受,体
舟,状骨
大,开放性伤口但
葡,糖
步,态
压,力
胶,质
下,叶支气管
沙,眼
外耳,炎
孢子,菌病
肝内,胆管
眼,外
椎间,韧带
气,肿
幼年,型
痢,疾
氏菌,属
腹,泻
左,肺动脉
鞘,膜
副,鼻窦
畸,胎
骶,髂
附,件
链球菌,性
广,泛
甘,油
蒸,气
松,果
临床,所见
机,构
手,法
有害,性
机能,减退
杓,状软骨
横,膈
真,菌性
纤维,瘤病
拟,杆菌
卵,圆
内分泌,腺
颈,椎间盘
利什曼,病
顶,部
周期,性
或,组织
事,故
异位,妊娠
增生,症
镇,静
汗,腺
侏,儒
骨,组织
浆,液
治疗,性
头,臂
小,面
合,物
冠状,窦
男性,乳房
自体,血管
不,并发
心,梗
降,低
手,腕
导致的,疾病
右,肺动脉
溶血性,贫血
上,端
生,理
关节,脱位
左,半
锥,虫
无毒昆虫,咬伤
还,原
整个,下颌
梭,状
目,前
黏,液
有害性,使用
毒,症
滋,病
溶,血
诱,导
填,塞
甲状腺,炎
踝,部
多,个
乳,杆菌
白,化
血小板,减少
胆,石
醛,固
醛固,酮
盲,肠
内,镜
路,法
鱼鳞,病
核,结构
支流,结构
整个,阴茎
射频,消融术
乳,晕
降,主动脉
睫,状体
发,现
刺激,器
立克次,体
传,播
上,睑
利,亚
肛,管
冷,冻
分,类
组织,细胞
积,血
近,中
银,屑
整个第十,一
平,滑
切,迹
影响,的
动脉,损伤
泌尿,生殖道
清,扫
宫,腔
无,症状
尼,亚
车,作为
伴有,感染
和,产褥期
嗜,热
切,口
乳,磨牙
对,称
型,精神分裂症
有害,效应
男性,生殖器
升,主动脉
巴,斯
孕,产妇
颈,髓
某些,特指的
脊,液
骶,尾
调,整
蹠,骨
表面,皮下组织
下,面
青春,期
表面,皮肤
膝,盖
常染色体,隐性
产,程
脱氢,酶缺乏
合,法
经,阴道
诱,发的
表面,区域
语,言
旁路,移植术
舒,张
新,生
鞭,毛
淋巴,群
胼,胝
闭合,复位
不,动
乳,酸
造成,的
高血压,性
中,叶
浸润,性
喉,气管
粘膜,下
转,子
组织胞浆,菌病
痘,病毒
咽,喉
和,其他
嗜,盐
延长,术
外阴,阴道
药物,引起的
慢性,胆囊炎
肿,块
腭,咽
心,力衰竭
高,胰岛素
肠道,感染
陈,旧
腹腔,开放性伤口的
受,伤
周,组织
茎,突
第二,趾
恶性肿瘤,未特指的
非,交通
半,规
手,掌
间,襞
青,光
青光,眼
穿刺,术
蛛网膜下,腔
颞,叶
复合,体
角,膜炎
分,布
颅,底
区域,皮肤
通,气
中受害者的,运输
中受害者的运输,方式
间歇,性
扩张,性心肌病
甲,氧
整个第,九
作用,于
间,肌
线,检查
半规,管
位,置
整个,股
睫,状
性,神经
或,其
齿,龈
甲状腺,功能减退
化,合物
乳,汁
不,耐
或,相关
碰,撞
创,口
通,路
下,侧
脊,神经
整个,足
狼,疮
诊断性,操作
急性,骨髓炎
酸,尿症
浅,静脉
皮,神经
的,一
功能,衰竭
大,隐静脉
冲,洗
类,风湿性
缩短,术
芽,生
病毒,群
金,属
造,血
血,吸虫
马,拉
尔,德
胚,层
艾,滋病
肉,毒
激,酶缺乏
心,理
阵,挛
混合,型
体,结构
顶,叶
右,半
共同,房室瓣
空,气
氨,醇
影响的,胎儿或新生儿
通,入
椎,动脉
后,的
二,期
整个,肝
巴尔,通
腭,骨
感染性,休克
鼻窦,炎
或其,有害效应
干,燥
上,部
沉着,病
下,咽部
支气管,肺炎
避,孕
地中海,贫血
织,炎
非,三尖瓣
鼻根,点
腔,隙
疫,苗
非,创伤性
流感,病毒
整个,肾
中,使用
腰椎,椎间盘
肌腱,损伤
性,痴呆
根治性,切除术
辅,酶
胸,髓
肌肉,筋膜或肌腱
加,重
回旋,支
危,象
非,洲
伤,风
对,方
消化,系统
的,肿瘤
第七,颈椎
运输相关事件,中受害者的运输方式
迟,发性
陈旧,性
腺样,体
经鼻,镜
中耳,炎
三叉,神经
赘,生物
周围,组织
半,乳糖
大脑,前动脉
肋骨,头
镫,骨
排,斥
阿,尔
克,斯
淋巴结,组
整个,上颌
视,觉
异物,去除术
巴斯,德
胰,尾
下肢,静脉
癣,菌性
已,分娩
性,酸中毒
发,热
恒,磨牙
贮,积症
隔,膜
疟,疾
尘,肺
自身,免疫性
鞘,氨醇
扭,转
完全,撕裂
平,衡
凝,固
淀粉样,变
应,激
产伤,致
颞,骨
霉,属
内,收
发育,障碍
车,辆
原发,恶性肿瘤
前,角
烟,雾
漏,斗
全部,切除术
骨折,闭合性
重,型
胼胝,体
远,中
棘,球
Ⅰ,障碍
卒,中
外,膜
搏,动
置,术
抗,体
摄,入
次,发作
经,胸腔镜
硬化,症
耶,尔森
增生,性
沙门菌,Ⅱ
进,展
深,部
过多,症
肌的,神经
流出道,梗阻
红,色
李,斯特
产,时
指,节
灶,性
银屑,病
跟,腱
死,亡
谵,妄
心,绞痛
着,色
拇,长
颗,粒
窘,迫
足,菌
畸形,综合征
钙,血症
病,菌
涎,腺
产伤,所致
中,动脉
分,叉
传染,病
和,腓骨
中,脑
壁,层
脂,质
撕,脱
肠,球菌
克,氏
大,血管
间,皮
直视,下
幻,觉
金,森
疣,状
连接,部分
整个,拇指
甲,型
内,囊
胫,腓骨
足菌,肿
整个,胸骨
言,语
月,骨
霍,乱
整个,后
装置,的
晕,厥
的,方式
乳腺,炎
性心包,炎
不明,肿瘤
性心,内膜炎
破,伤风
杂,音
左,上
腕掌,关节
浆,膜
声门,下
佝,偻
脊髓灰质,炎
冲,突
开放,式
右,心
肝,硬化
黄,素
截,骨术
恶性,原发性
卟啉,症
黑色素,瘤
手,足
切开,探查术
髌,股
指间,皮下组织
海,洋
未特指,部位的
斯,氏
近端,指间关节
高血,糖
血管,畸形
受,累
利什曼,原虫
腮腺,炎
帕,金森
流产,伴
小,头
肺,栓塞
受,限
分枝杆菌,性感染
的,开放性伤口
植,骨术
原,始
胫,腓
活动,范围
巴,贝
酰,基
清扫,术
胫骨,和腓骨
栓,术
成,分
大,麻
突,变
惊,厥
孕产妇,医疗
未,分化
连,合
输,注
抽吸,术
病,型
切,术
与,保健
与保健,机构
与保健机构,接触
整个第,八
钉,内固定术
抗,生素
动脉,韧带
毛,滴虫
蜂窝,织炎
段,支气管
氧化,碳
血管,病
核,群
颅内,损伤
斑,疹
遗,忘
下,囊
材,料
交叉,韧带
暂,停
微,小
滋,养
减,低
细菌,感染
胸椎,体
滤泡,性
有关的,问题
环,状
右,房
大,动脉
完全,缓解
扫,描
甲状腺,素
毒,液
酒精,性
听,力
外,分泌
内窥,镜下
陆地运输,碰撞
陆地运输碰撞,中受害者的
陆地运输碰撞中受害者的,对方
分枝杆菌,引起的感染
内,的
后,区
最近,发作
肝,段
治,术
升,高
沙眼,衣原体
监,测
胱,氨酸
烧,灼术
阴,部
高,位
的症状,或
低血,压
裂伤,修补术
先,露
皮肤,感染
慢性,骨髓炎
胆,碱
出血,热
病毒性,疾病
肾盂,肾炎
开放性,外伤
叮,咬
磷酸,盐
或,足
酸,钠
脑,脊液
综合征,型
下,垂
急性,胆囊炎
骨,和
喉,软骨
情,绪
过敏,性
纵,韧带
牙槽,嵴
弓,根
右肺,下叶
状,核
鱼,际
适,应
重,复
死,骨
有,机
整个,前
胸椎椎间盘,纤维环
剥,离
真,皮
弥,散
垂,直
囊,菌
挤压,伤
顶,骨
整个,鼻
梭,形
先,兆
侧,支
额,叶
性,质
安,装
性,交
乙,型
胃肠,炎
开放性骨折,伴
脊柱,裂
智力,障碍
性,高
尾,指
苍,白
连,结
主,诉
葡萄,胎
强,迫
通过,暴露于
前,区
形,状
胆汁,淤
正中,神经
脊髓,病
新生,血管
兴,奋
呼吸,暂停
有害性使用,模式
核,糖
产后,并发症
浅表,伤
疾病,未特指的
百,日
消化,器官
哺,乳
脊柱,侧
水,痘
弯曲,杆菌
下肢,动脉
胸,锁关节
开放性,创口
指,掌侧
脉,冲
穿刺,引流术
电,解
沉,积
注,意
展,肌
多,角
深静脉,血栓形成
距,下
下,唇
再,融合术
多,种
甲状腺,功能减退症
颏,下
膝,部
迷,路
沙门氏菌,Ⅱ
内,异物
神经,元
肠,杆菌
假,单胞
持续性,哮喘
百日,咳
放射,治疗
全,层
的,劳损或扭伤
非,法
胸椎椎间盘,髓核
根,瘤
假,丝
并,黄疸
脊髓,炎
提,肌
肌,萎缩
颈椎,椎间盘
性,病变
小,梁
白化,病
丘,疹
的其他,手术
琥,珀
玫,瑰
阵,发性
脓毒,性
先天性,发育不全
骨软骨,病
特定,的
纤维,软骨
镰,状细胞
丝,虫病
脑,白质
胸椎,椎间孔
脑,动脉
心,瓣膜
隐,球菌
放线,杆菌
全,椎间孔
丹,毒
假丝,酵母
开放性创口,的
上,韧带
线,虫属感染
高胰岛素,血症
细胞,淋巴瘤
胆红素,血症
功能,异常
近端,指骨
腺,体
眼,神经
皮,脂
内侧,面皮下组织
插,管
头,肌腱
体,外
自,发性
重,症
普,通
房室,间隔缺损
进行,加害
色素,沉着
足,背
卵,泡
桡,尺
葡萄球菌,性
细胞,肿瘤
胸,膜炎
需,要
分枝杆菌,导致的感染
氏,体
牙,根
过,程
胰,头
血小板,减少症
失,禁
错,位
胆管,炎
钢,板
抑郁,发作
吸收,不良
未,闭
部,恶性肿瘤
外侧,缘
及,皮下组织
植,皮
腱,和腱鞘
壁,结构
潜,伏
裂伤,缝合术
整个,舌
化,物
头,颈部
滑,囊
气,性
局部,切除术
或,破坏术
束支,传导阻滞
所致,胎儿
霍,奇
霍奇,金
主,干
寰,椎
流感,嗜血杆菌
增,大
苯丙,胺
喉,镜下
左,心
肌,瘤
线虫,性感染
纤,毛
蓝,巩膜
移植,的
滑,囊炎
肱二,头肌
颌,下
表面异物,感染
骨折,闭合复位
类,芽孢杆菌
胸,锁
切除术,后
装置,去除术
密,螺旋体
整个,中指
磺,胺
特,殊
贲,门
通入,腹腔
下颌,中切牙
充血性心,力衰竭
骨折,半脱位
除,颤
隆,突
乳,内动脉
艾,希
形状,异常
儿童,期
胸,内
血管,病变
层,结构
淋病,奈瑟
指,掌
腺,泡
动静脉,畸形
胸,段
交界,处
恶性,淋巴瘤
胃,炎
产,气
左,房
而,与保健机构接触
胆囊,结石
大,肌
镰,刀
闭合骨折,伴
戒,断
柯,萨
非,特异性
面,颊
副,神经
鼻,疽
皮,疹
佝偻,病
龋,齿
植皮,术
眩,晕
上皮,内
基,质
皱,襞
股骨,头
结节性,滑膜炎
绦,虫病
楔,状骨
段抬高,型
整个,食指
变应,性鼻炎
血,型
惊,恐
回,流
系统,疾病
钙,质
分枝杆菌,引发的感染
肌,无力
嗅,觉
外侧,面皮肤
小,细胞
乙,醇
机械,性
阿,片
插,入
抑制剂,的
肝,外
间隙,结构
下肢,骨
肱,动脉
美,洲
右,输卵管
腹腔,开放性创伤
上,侧
奇,静脉
嘌,呤
性失,语
勃,起
颌,骨
病损,或组织
实,质
下,端
和,大腿
整个,脊髓
浅表,性
平,面
骨,性
酸,菌
泰,勒
输血,综合征
粘,多糖
革兰氏,阴性
单,一
克雷,伯
黄,杆菌
皮肤,的
里,斯
致,死
心律,失常
比,妥
内,阿米巴
矮,小
翻,修
柱,状
损伤,未特指的
电,极
股骨,颈
长,骨
创伤,后
多形,性
致,胎儿
螺,杆菌
双,入口
家,庭
成骨不全,症
甲,床
不,育
发生,器
糖,苷
电解,质
活,产
脓疱,病
桡,动脉
远,节
间质,组织
小,动脉
肩,锁关节
医,源性
整个第,十二
引,导
角,质
皱,褶
斜,肌
肠,梗阻
小肠,结肠炎
鼻,骨
内,象限
球囊,扩张
处,恶性肿瘤
维,尔
亚,型
腋,动脉
异,构
造,瘘
羟,基
原发性,口咽
发育,迟缓
生物学行为,不明肿瘤
疏,螺旋体
使用,所致
肺静脉异位,引流
整个,颅
入路,的
压,缩
新生儿,黄疸
矫,治术
异常,综合征
内侧,缘
湿,疹
点,连线
弹,性
整个,前臂
痛,性
终,末
肋,内
大,静脉
久,性
胫,后
牙,周
残,疾
脱,离
胰,体
患,者
环境,下
室,性
室,上
继,发的
化,酶缺乏
口,炎
因,合并
表浅,损伤
血管,环
导,线
疲,劳
筛,骨
外侧,面皮下组织
同种,异体
骨髓,结构
过,少
其,它
前,段
晶,体
神经,内分泌
外侧,半月板
外,生殖器
上,段
精,子
残,留
膀胱,炎
吞,咽
流产,失败
滑,脱
接合,处
在,治疗
在治疗,中使用
背,面皮肤
视网膜,病变
性,高血压
食管,裂孔疝
橄,榄
主动脉,瓣膜
关节,内
双,歧
第五,掌骨
第一,指
性脑,病
继发,恶性肿瘤
绒毛,结节性滑膜炎
筛,查
左,后
整个,前列腺
解,酶缺乏
血肿,清除术
类风湿性,关节炎
脂肪,瘤
巴,西
精神病性,症状
粒,子
马,尾
意识,丧失
整个,小指
黑,素
乳,牙
体,位
脉冲,发生器
自,然
空肠,吻合术
原发性,鳞状细胞癌
情感,障碍
表浅,异物
置,管
上,的
导管,内
水,泡
紫,色
肩,或
注射,治疗
大肠,艾希
数,量
病损,激光
闭合,复位术
第二,指
腘,静脉
额,骨
乳,糜
血管,结构
卡,西
蛋白,质
室,管
断,术
浆液,性
健,康
横,纹
足,趾骨
前,静脉
踝,和或
整个,大脑
眼外,肌
螺,钉内固定术
样,癌
松果,体
单,心室
暂时性,关节病
骶,部
腰,髓
浅,动脉
左肺,下叶
注射,术
甲氧,西林
门,脉
性,肝炎
幼,儿
热,带
乙,型肝炎
干,骺
在治疗中使用,与损伤或伤害有关的
整个,胃
下,区
合,胞
穿刺,活组织检查
除颤,器
膜,结构
解剖,学
进展,性
甲状,软骨
病毒性,脑炎
前,后
菌,引起的
感染性,心内膜炎
功能,紊乱
细,支气管炎
身,材
结构发育异常,未特指的
小,孢子
或,骨盆
内侧,面皮肤
纤维,性
球,孢子菌病
次,全
闭合性骨折,伴
斯,坦
给,予
综合征,伴
嗜酸性,粒细胞
第六,颈椎
钢,针内固定术
耳,轮
切开,复位术
剖,宫
神经,皮
嘧,啶
耳,部
嗜,冷
整个,喉
肌,支
含,铁
发育,性
病损,破坏术
取,栓术
核,团
第四,颈椎
视网膜,动脉
推,拿
减,弱
低,氧
整个,手指
训,练
移植,血管
脓毒,血症
残,余
腹,膜炎
多,动
外耳道,炎
神经,肌肉
通,道
淋巴管,结构
外,上象限
肌营养不良,症
寰,枢
摩,擦
分娩,期
多发性,骨折
气,单胞菌
肾,功能
品,他
状,韧带
椎,关节
侧,关节突
受,压
科,所致疾病
凝血,因子
胸椎,骨
过,高
先天性,形状异常
供,血
放线,菌病
分,子
近,期
远,节趾骨
职,业
远端,指骨
和,卵巢
脱,发
的,免疫
微,菌
第五,腰椎
内,针内固定术
促,性腺
磨,损
酶,缺陷
痛风,石
心,尖
外侧,壁
小,时
戊,二
腺,病毒
抵,抗
碎,石
束,结构
中枢,性
摘,除术
可,疑
趾,神经
肝,坏死
第三,颈椎
吉,特
回,避
髂,静脉
整体,结构
之,间的
叶,状
浆,膜下
锥,孔
朗,格
和,尺骨
沟,结构
z,5
骶髂,关节
肺,癌
脓,性
睑,板
工,人
乙,酸
气,胸
左侧,输卵管
军团,菌
双歧,杆菌
二尖瓣,膜
含铁,血
含铁血,黄素
时,间
整个,头
伯,克
停,搏
第五,颈椎
同种,免疫性
双侧,输卵管
毛,囊炎
外,静脉
卡西,酮
开窗,术
烟,尘
翻修,术
物,体
剥脱,术
管,炎
的肌肉,筋膜或肌腱
屈肌腱,鞘
中毒,性肝
不,适
整个,无名指
闭塞,性
不动,杆菌
急性,心肌梗死
鳞,癌
后,入路
尺,动脉
整个,小
苔,藓
脓肿,切开引流术
肺静脉,异常
肉芽肿,性
肾,静脉
骨盆,环
内,部
躁狂,性
耳,鼻
尺,桡
新生儿,高
治疗,的胎儿
趾骨,结构
咳,嗽
整,形术
威,胁
加,斯
改,良
窦,道
武,装
韧带,扭伤
因,性
外周,区
被动,范围
焦虑,障碍
后,遗
事件,伤及
脏,层
引导,下
第四,指
咽,管
转,录
布,氏
运输损伤事件,伤及
接合,部位
上肢,动脉
咬,合
肺,门
性肌,病
怀,孕
甲状腺,功能亢进
脂,血症
淋巴结,清扫术
志贺,菌
背,景
视网膜,中央
泪,囊
犁,骨
交感,神经系统
风湿性,二尖瓣
性心,律
涂,片
下,壁
整个,丘脑
间质,性
内侧,半月板
红斑,狼疮
骰,骨
获得性,免疫缺陷
非,药用
下,降
未,确定
病,因
房,间隔缺损
蚴,病
苷,脂
肝外,胆管
给予,的
给予的,孕产妇医疗
听,觉
软骨,部
不伴,脊髓损伤
思,维
锥,虫病
血,友
琥珀,酸
食管,胃
或,大腿
干骺,端
武装,冲突
内,上象限
合并,人类免疫缺陷病毒感染
引流,管
枕,叶
多角,骨
距下,关节
咽,神经
肺,结核
磁,共
磁共,振
整个,腰
操作,后
附,属
抗,感染
阻塞,性
积,脓
封,堵
球囊扩张,成形术
中,叶支气管
半,侧
形,式
超声,检查
康,复
建,筑
外侧,皮肤
同,时
胎,粪
原位,恶性肿瘤
骨骨折,切开复位
经,导管
囊性,纤维化
颤,动
肿,物
病理,性
心,肺
整,复术
常染色体显性,遗传性
前,叶
性,欲
血,吸虫病
切开,异物取出术
口,内
残,端
唇,裂
移行,区
卟啉,病
前臂,水平
呼吸道,合胞
第三,掌骨
回旋,肌
侧,切牙
伸肌腱,鞘
半脱位,伴
尿路,感染
耻骨,联合
缩,小
整个,子宫
药,指
绒毛,膜
雄,激素
芽生,菌病
状,病毒
第四,掌骨
伴,产前
第三,腰椎
髌股,关节
鳞,状
年,期
生长,激素
制,品
单胞菌,属
节,杆菌
伸,展
停,止
病,证
类,圆
营养不良,性
子,痫
外,象限
内侧,皮肤
管,腔
致,幻
肺动脉,干
第,掌骨
牙,釉质
舌,扁桃体
整个,环指
荨,麻疹
体,表
其他,和
特,综合征
瘤,恶性
丛,神经
抑郁,障碍
斑疹,伤寒
面,容
心,病
瓣,尖
特,氏
水疱,伴感染
无,损伤或伤害
霉菌,病
凹,陷
经,腹
整个,大
圆,锥
肌肉筋膜或肌腱,的损伤
霍奇金,淋巴瘤
硝,化
急性,加重
三,联
绝,经
交界,区
第二,颈椎
脂蛋白,血症
切除术,伴
折,叠
尿,毒症
房室,传导阻滞
抑郁,性
不,包括
的,故意自害
异常,融合
胸锁,乳突
迟,滞
深静脉,血栓
母,乳
幼,虫
脾,脏
鹰,嘴
内,出血
溃疡,性
胆石,病
根瘤,菌
甲状腺,激素
颏下,点
石,膏
动,性
气,压
腔内,栓塞术
结,晶
僵,硬
胸椎全,椎间孔
整个,乳房
后,静脉
膨,胀
指间,皮肤
内,肌
甲,酸
婴儿,型
非三尖瓣,形态
分,期
伴,伤口污染
桡骨,和尺骨
椎间,隙
一,般
动脉,硬化
耐,量
神经皮,节
表浅异物,不伴
疤,痕
外,的
人工,终止妊娠
日,本
右,后
危,险
催,眠
快,速
脑,干
动,眼神经
柠,檬
第二,腰椎
犯,罪
乳头,瘤
肿,大
斜,角
后,鼻孔
痤,疮
大肠埃希,菌
病毒,组
修,复
丙,酮
再,生
克,罗
渗,出
氯,化
胸椎椎间盘,间隙
系统,结构
定,向
弹,力
母,细胞
闭,术
小,于
黏,膜下
脊柱侧,凸
舞,蹈
腋窝,组织
胆汁淤,积
整个,肋
瘘,闭合术
营养,性
目前,为
马杜拉,放线菌
基底,段
候,群
房,间隔
异常,未特指的
扁,平
衍,生物
尔,氏
血友,病
颈,内静脉
巨,结肠
短,杆菌
第三,指
糖原,贮积病
胰,十二指肠
肩或,上臂
普,雷
杀,虫
球蛋白,血症
骨折,开放性
黄,单胞菌
术,中
致死,性
造,术
可,卡因
盆,骨
女性,生殖道
肌腱,鞘
切开,异物去除术
室,性心动过速
掌,指
擦伤,伴感染
先天性,异位
心,衰
椎体,间关节
舌下,神经
胸椎间,孔
类,癌
毛,癣菌性
臂丛,神经
矫,正
肢,带
女性,生殖器
静脉,丛
马拉,色
经皮,肾
高血压性,心脏病
引,产
广泛,性
心室,双入口
间,期
营养,障碍
自身,免疫
经,关节镜
肋骨,外
腹,内
双相,型
淋巴细胞,性
会厌,炎
硬,变
和,颈部
无,色
解剖,结构
病,类
整个,膈
开放,伤
卵,黄
闭合,不全
道,路
下,裂
感染性,关节炎
失,衡
错,构
性,紫癜
尿,崩
上,壁
板,层
剖宫,产
中间,型
用,制剂
结节,病
碎,石术
一,致
的,指骨
膳,食
脱氢,酶缺乏症
整个,肺
乘,员
杀虫,剂
杓,间襞
左,前
四,联
化脓性,关节炎
骨,软化
大肠埃希,氏菌
交,替
标本,的
小,结
右,位
限制,性心肌病
路,运输损伤事件
过,低
肌肉骨骼,系统
半,球
局,灶性
斑,块
碳,酸
血管,成形术
双极,Ⅰ障碍
上呼吸道,感染
与,卵巢
无毒昆虫,叮咬
检查,中
表面异物,不伴有
推拿,治疗
间,室
胰,脏
开放,骨折伴
转,位
纤维,素
膜,性
脱硫,弧菌
桡,神经
手,指骨
充血性心,衰
热,病
机能,亢进
椎体,间
不明,的
肋骨,体
甲状旁腺,功能亢进
纤维,蛋白
第一,腰椎
整个,咽
增,强
特征,的
外,胚层
整个,内
星,形
胸椎,棘突
致幻,剂
血,流
心境,障碍
舌,根
佩,吉特
颈,段
切开,取石术
应,用
症,候群
钢板,内固定术
部分,性
或,假体
非二尖瓣,形态
整个,右肺
直肠,阴道
状,突
背,动脉
髋,或大腿
病,灶
存在,的
斑,点
视网膜,静脉
通入腹腔,的开放性伤口
和,肌腱损伤
指,畸形
复,律
胃,十二指肠
血,压
肺静脉,连接
腺,结构
肌,性
人工血管,搭桥术
间关节,面
偏,执
闭合,创伤性脱位
杆,状
经,胃
经胃,镜
被,盖
发,酵
胸,肌
下,背
抽,搐
感,冒
的,恶性肿瘤
莱,姆
回,归
后,段
前,面
渗,透
上,髁
未,破裂
体,肺
闭合性,脊柱
脊柱,关节
培,养
腰骶,部
精神病性,障碍
呼吸,窘迫
其他特指的,与
不,定
内,皮
尿道,炎
病损,射频消融术
累及,肌腱
肋骨结节,非
丝,菌
红,球菌
孢,属
局部,用
肋,肋结节
内,容
间,壁
脏,器
棘,上韧带
产伤,所致的
子宫,切除术
限制,性
皮肤,松弛
胆囊管,结石
空,间
填,充
生,活
早,熟
棒,杆菌
铜,绿
活动,度
及,卵巢
空气,栓塞
口腔,内
心,率
缓,慢
腱鞘,炎
后遗,症
诺卡,菌
腹腔开放性伤,的
气性,坏疽
分娩,并发
单纯疱疹,性
密,度
换,气
第四,跖骨
狭窄,伴
髂,内动脉
锁骨,上
高,脂血症
肌,群
间质,性肺
关节,挛缩
封堵,术
顽,固
大,便
回归,热
意外,暴露于
缝,线
喉,面
整个,小脑
身材,矮小
腭,扁桃体
运动,障碍
或,产褥期
性皮肤,病
发,音
支,撑
规,则
整个,上肢
腘,窝
产,碱
植,术
腓肠,肌
牙槽,窝
碱,性
头影测量,中的
叶,酸
造成,的影响
侧支,动脉
下,型
显微,镜检查
整个,右侧
容,量
素,扫描
有,感染
泌,乳
加害,的
加害的,背景
致,病性
背侧,皮肤
脊髓,后角
未特指,部位
呼吸,衰竭
特定的,精神活性物质
的,慢性
脊髓,脊膜
重,性
厌氧,菌
小,体
柯萨,奇
低,钾
卵圆,孔
骨化,不足
微,杆菌
支架,植入术
髂,总
呼吸,的
导管,癌
其他,手术
奇,异
第五,跖骨
主,支气管
口腔,黏膜
部位,皮肤
智力,残疾
第四,腰椎
性肝,硬化
分娩,时
术后,并发
单,孢菌
性,头痛
肋骨,内
畸胎,瘤
副,神经节
心脏,骤停
病毒引起的,疾病
向,半脱位
髂,嵴
尔,沙门菌
分泌,液
毛,囊
隆,起
直肠,乙状结肠
蚓,状
巴贝,虫
急性,发作
瘤,切除术
中,风
整个,胸部
踝,或足
管,结构
碳,水
肋,角
疱疹,病毒
单,次发作
莫,拉
设,备
肋,头
杆菌,感染
腰,段
肝脏,撕裂伤
距,离
增,高
成,年
横突间,肌
的其他,诊断性操作
多,囊
头,颈
右,下
脱位,伴
整个,骶
产,钳
第一,跖骨
肋,颈
地,方
外固定,架
后,支
其他或,未特指的
乙,烯
耳鼻,喉
耐,甲氧西林
新生儿,皮肤
外,生
腿,部
第一,颈椎
骨骺,发育不良
婴儿,期
丝,状
车作为,运输相关事件中受害者的运输方式
滑,车
碱,中毒
关节囊,结构
静脉,血栓形成
伴发,伤口污染
色,小孢子菌
念珠,菌性
颅,缝
合并,伤口污染
胫,前
突,结构
连,续
肠系膜,上动脉
锁骨,下
脑炎,病毒
伴有,伤口污染
血管,疾病
第二,跖骨
病,未特指的
链球菌,感染
伴发,人类免疫缺陷病毒感染
置入,或
早,老
翼,状
妊娠分娩,和产褥期
软,疣
素,分泌
横,结肠
大开放性伤口但,伴有感染
矢状,窦
妊娠分娩,或产褥期
葡萄,膜炎
筋膜,结构
脉,管炎
性肌,萎缩
后,叶
类型,的
磷酸,酶
产气,荚膜
粉,碎
闭合性创伤性,半脱位
梭状,芽胞杆菌
未知,或
固,氮
弥散,性
腹膜,透析
趾,长
抗,原
并发,伤口污染
后,凸
髓,样
淋巴结,炎
带,蒂
动脉干,瓣膜
部分,缓解
睾丸,炎
皮肤,利什曼病
全,椎体
舌下,腺
丙,型肝炎
蛔,虫
胶,原
男性,生殖器官
上皮,癌
流行性,腮腺炎
机能,不全
朗格,汉
呕,吐
包,涵
代,偿
活产,婴儿
记,忆
大肠杆菌,血清型
脑,卒中
肝,昏迷
炭,疽
颅内,出血
在,武装冲突
爆,炸
区,生物学行为未定性肿瘤
冠状,静脉窦
滥,用
工,作
使用,者
第一,掌骨
普雷,沃
磁共振,检查
电,凝
整个,足部
脑,部
供血,不足
功能,失调
失,血
颜,面
发作,性
分,部
接触,性皮炎
个人,史
提,及
整个,肘
核,酸
脊髓,中央
营养,缺乏
神经,炎
腱,膜
前,上
肿瘤,恶性
整个,子宫颈
产伤,引起的
第五,指
沉,积病
耳聋,综合征
筋,膜炎
颈椎,体
不耐,受
棘,间韧带
外,展
上,腹部
有,毒
脉络,丛
骨质疏松,症
斯,综合征
良性,瘤
锁骨,下静脉
粘膜下,层
部,良性肿瘤
淋巴,样
远端,趾间关节
伴,梗阻
淋巴,水肿
脓,胸
车作为,陆地运输碰撞中受害者的对方
十,字
子宫,内
鼠,疫
疾病,的
冠状,病毒
鞭毛,虫
的,原发性恶性肿瘤
镇,痛
血,浆
右,主动脉弓
原发性,肺
赖,氨酸
细,小
腔内,成形术
脑膜,脑炎
下肢,静脉曲张
氯,苯
深,动脉
不,张
趾,甲
不完全,骨化
麻痹,性
右,眼
关节,韧带
豚,鼠
腐,蚀
所致,新生儿
输,出
整个,膀胱
尿,酸
大脑,中动脉
锥,体
溶,剂
同,位
体,温
自主,神经
下颌,线
的,撕裂
抗,焦虑
急性,段抬高型
脑膜炎,球菌
犯罪,者
楔,状
指骨,全
福,氏
左,眼
杆菌,性
氏,球菌
前,入路
性,口炎
蛀,牙
肌腱,炎
远端,趾骨
临,产前
色素,性
上皮,瘤
或其有害效应,下
肌肉,瘤
整个第,指
上,区
嗜,睡
神经,胶质
多,胎
痛风,结节
缩,肌
截,断术
肌,阵挛
直,接
组织,炎
恐怖,性
动脉瘤,破裂
先天性,肺
排,泄
下颌,连线
计,数
麻醉,剂
钠,血症
阴茎,头
第,跖骨
头,孢
格,雷
周,边
接合,点
搐,搦
皮,片
中,线
增,厚
脚,部
耐药,的
泌尿,系统
胎儿,宫内
病损,消融术
无名,动脉
鼻,内镜下
肺静脉异常,连接
综合征,未特指的
舌,咽神经
先天性,异常
极,度
上,腹
尿道,下裂
Ⅲ,型
静脉,损伤
醋,酸
整个,颞
朗格汉,斯
糖尿病,性
整个,会阴
菌,落
隐,睾
拇,短
尿崩,症
线头影测量,中的
整个,前庭
鼻,部
急性,非
管,状
红细胞,生成
整个第,脑神经
口咽,侧壁
纵,膈
肝,星状
亚,群
酯,酶缺乏
高,钙血症
间,皮下组织
非,外伤性
早,闭
过,氧化
纵,向
周,区
内收,肌
蜱,传
扩张,症
左,前降支
扎,术
心脏,停搏
脐,部
其他特指,部位的
协,调
颅骨,穹窿
体征,或
人工血管,旁路移植术
性,传播
沙,雷
髓,内针内固定术
革兰氏,阳性
椎间盘,髓核
远,段
整个,眼
白,斑
丙,二
豌,豆
用,作
用作,移植物
自,动
前,神经
再,植术
肋,下缘
背,面皮下组织
盆腔,炎
骨,膜炎
甲状旁腺,功能减退症
整个,卵巢
心,搏
为,主要
双,腔
头,结构
外固定,装置
肠系膜,动脉
成人,型
表浅异物不伴,大开放性伤口但
聚,糖
酪,氨酸
吸,虫属感染
整个,胎儿
精神,性
阿片,类
转运,的
根,尖
马,尔
人工血管,置换术
中性,白细胞
口,底
椭,圆
不伴,开放性创口的
经尿道,膀胱
生物,型
斜,方
电,子
肋,肋结节非
拉,伤
整个左,冠状动脉
Ⅱ,期
病,病毒
伴,肌
幼,细胞
左,下
错构,瘤
腹,痛
品他,病
扁桃体,窝
甘,氨酸
环,形
磷酸,化
外,下象限
非,化脓性
异常,的
淋巴细胞,白血病
牙,窝
交通,支
毛癣菌,引起的
心脏,复律
背侧,韧带
虚,证
产程,或
陆地,交通
肋骨头,嵴
选,择
无,张力
敏感,性
侏儒,症
盂,唇
泛,发性
八,叠
黄,体
妊娠,合并
材料,或
鼻根,至
处,女
阻,断
癫痫,发作
大,拇指
海,默
巴,比妥
或,肺
序,列
现,象
愈,合
临,产
静脉,导管
排斥,反应
不,规则
慢性,肺
海,马
囊,内
格,里
蛋白,酶
肺炎,链球菌
认,知
窦,房
腔,结构
嵌,入
皮下,脂肪
修补术,伴
峡,部
栖,热
分娩,后
宫,术
颅,外
髂,总动脉
真,菌感染
障碍伴,广场恐怖
不,对称
低,镁
其他,修补术
女性,乳腺
致,疾病
比,赛
发,型
双相型,障碍
影,像
深,层
发育不全,综合征
浅表损伤,伴感染
肌,纤维
颈总动脉,间
与,左
手法,整复术
肌肉,肿瘤
下,呼吸道
鼻根,到
造影,图
抽,动
变,态
器,械
球囊,扩张术
方,面
梭形,细胞
的方式,故意自害
过程,中
灰,色
脑膜炎,球菌性
志贺,氏菌
旁,淋巴结
硫,化
丙,种
整个,尿道
肝,动脉
肺静脉异位,连接
尺桡,关节
肾功能,损害
造影,术
骨,疣
寻,常
性,佝偻病
宫腔,镜
多,神经病
插管,术
未知,是
非交通,事故
墨,西
墨西,哥
近端,趾骨
前,路法
运动,性
多,重
软骨,瘤
逆,转录
整个,枕
直,疝
羊水,栓塞
游离,体
鼻咽,后壁
菌,目
扁桃,腺
组织,皮肤和皮下组织
不伴,并发症
颅,咽管
短,骨
睡眠,障碍
深,屈肌腱
降,结肠
开放性骨折,脱位
浅,屈肌腱
鼻,前庭
未,提及
滋养,体
视网膜,血管
肺动脉,瓣膜
恐怖,症
肛门,括约肌
表面异物不伴有,大开放性伤口但伴有感染
其他,部位
并发,于
青,斑
睡眠,呼吸暂停
板,结构
酶,阴性
德,氏
胆囊,损伤
支,整体
末,梢
障碍,性贫血
失,眠
肾,盏
膝关节,镜下
尾,部
胫,前动脉
侧,脑室
疾病,引起的
间皮,瘤
架,桥
硝,基
心,因性
系,膜下
开放性,脊柱
坏疽,性
眼,用制剂
踝和或,足
右侧,输卵管
药物,包括
毛癣菌,导致的
胸膜,瘘
闭合性,损伤
整个,左侧
胸,腰椎
病毒导致的,疾病
椎管,内
瘙,痒
管,理
肌肉,结构
胎儿,心脏
低血糖,症
的其他,切除术
缺乏,综合征
颈,前
小,杆菌
鹦,鹉
整个,颈部
实,际
棘,头
分离,性
基底,细胞癌
前,期
后,肌
霍,尔德
常染色体隐性,遗传
右肺,上叶
无,菌性
布,拉
耳鼻喉,科
食管,静脉曲张
上,型
心,动过速
核,苷
代谢,性
的症状或,主诉
后,面
病损或组织,的
开放式,分裂
整个,宫颈
切,取
缺乏,性
冲洗,术
隧,道
年,龄
比,亚
视网膜,脱离
加,速
整个第五,趾
房室,结
肛门,生殖器
颜,色
横,韧带
移植,后
寰,枕
跖,趾
曼,氏
或,移植物
体征或,临床所见
肩胛,间
视,力
一,侧
椎间,关节
羊膜,腔
心包,积血
无毒昆虫叮咬,后
人造,血管
视网膜中央,静脉
第一,磨牙
外伤性水疱,伴感染
肛门,直肠
尔,沙门氏菌
神经,核
基底,动脉
义,齿
周围,血管
不耐,症
软,颚
反应性,关节病
体,性
过,剩
表浅损伤,伴感染
伴,并发症
色,病
先天性,梅毒
细,分
利,尿
内容,物
移,动
中,肾
骨,炎
精囊,腺
排,便
小,静脉
甲状腺,功能
佩吉特,病
延,伸
胎,龄
鼻,内窥镜下
药物,洗
药物洗,脱
的,异常
阴茎,海绵体
地方,性
攻,击
亚,利
脑,脊膜
撞,击
指节,骨骺
不伴,感染
右房室瓣,非三尖瓣形态
离断,术
切开,活组织检查
第一,胸椎
心,跳
诱,发
原发,部位的
环,杓
皮脂,腺
整个第五,指
平滑,肌
硬膜下,腔
多发性,内分泌
皮肤,及皮下组织
麦,角
上皮,肿瘤
头,绦虫
睑,缘
乳房,皮肤
外,固定术
神经,病变
肩胛,区
间,交通
曲霉菌,感染
第二,磨牙
手,癣
泪,管
天,花
无毒昆虫咬伤,伴感染
土,拉
剥离,术
婴,幼儿
水,路运输损伤事件
船,只
红细胞,增多
处女,膜
应,力
移植物,或假体
的,头部
虐,待
犯罪者,受害
犯罪者受害,人
犯罪者受害人,关系
双极Ⅰ障碍,最近发作
隆,凸
双,出口
分离,术
粘液,瘤
新生儿,大肠艾希
整个,趾
骨折闭合性,复位术
副,流感
细胞,腺癌
变,型
性心律,失常
治疗,术
前,方
不,含
腹部,下背
灌注,术
整个,外侧
缺乏,病
获得性免疫缺陷,综合征
原,生
牙,弓
性骨,质
唇,部
腺,苷
通过胎盘,或
脾,静脉
整个左,肺
关节,小面
主,肺动脉
胆总管,结石
整个,蜗
助,产
手足,搐搦
右,上
脓肿,引流术
三,头肌
无,乳
分裂,情感
杜,氏
引起的,肺炎
轮,匝
硝,酸
印,度
血,综合征
视网膜,病
咨,询
肾,透析
狂,犬
左,主动脉弓
难,治
发生,的
促性腺,激素
主,静脉
毛细血管扩张,症
习,惯
腕或手,水平的
整个,指
右,足
肌张力,障碍
作为,运输相关事件中受害者的运输方式
症,型
近中,面
反,复
围产期,黄疸
前,肌
肩胛,下
肝脏,星状
鼻咽,上壁
外生,骨疣
鱼鳞,癣
分枝,菌病
弯曲,菌
下颌中切牙,线
胎儿,生长
生理,性
症状,性
囊,尾
念珠,菌感染
奥,狄
角膜,结膜炎
车,乘员
右肺,中叶
腰骶,椎
心包,腔
长,肌
上,腭骨
肋,上缘
报,废
报废,或
报废或,损
报废或损,毁
血,色素
丛,结构
第二,掌骨
组织,增生
亚,慢性
恒,前磨牙
近,段
流产,并发
先天性,心脏病
运输,事件伤及
红,皮病
颅内,静脉窦
韧带,整体
溶,酶
镇静,催眠
或,甲
整个第四,趾
动脉导管,未闭
先天性,主动脉瓣
骨,发育不良
开放性创伤性,半脱位
生,化
人,员
洛,尔
手,臂
闭合性创伤性,脱位
先天,畸形
指骨,骨骺
风湿,病
肋,沟
第二,前磨牙
喉,头
腹腔镜下,卵巢
病毒性,感染
粗,糙
陆地,非交通
更,年期
棘,间肌
通过胎盘,乳汁
整个第二,指
间关节,囊
侧,面
胃,镜下
细胞,层
背侧,皮下组织
的其他,修补术
行为,障碍
的,并发症
胫骨,腓骨
近端,趾间关节
筋膜,室
功能,重建
传,输
自,我
良,恶性
收,肌
外科,手术
尔,综合征
眼内,炎
性,偏头痛
皮,菌
腹股沟,区
颈动脉,窦
胎,膜
介,导
软骨,钙质
手术,并发
和,关节
整个,直肠
整个,腓骨
溶血性,链球菌
马,里
携,带
评,估
巴,氏
眼,皮肤
舟,状
整个,小腿
体,液
中,所有
子宫,及
尾,椎
对,比
整个胸,段
萎缩,性
部,肿瘤
周期性,麻痹
伴,坏疽
经皮肾,镜
所致的,胎儿
人工,心脏瓣膜
肋,体
恢,复
非典型,性
硫,胺
肠,系膜下
斯,沙门菌
喉气管,炎
先天性,三尖瓣
输,入
醛固酮,增多症
生物,制品
性肌,炎
瓣叶,尖
先天性,心脏
心内,型
内,下象限
前,支
细胞,组织细胞
膈,面
皮肤,粘膜
胰腺,导管
周,皮肤
扭,曲
细胞,色素
慢性,硬化性
瓶,霉
双相,情感障碍
过,渡
男性,乳腺
社,交
血清,群
学,习
口腔,粘膜
化,疗
副,交感神经
灌,洗
肌,痛
小头,畸形
固有,肌层
胫骨,近端
非,感染性
整个第三,指
脊髓,束
中,节
和或,挫伤
曲霉菌,引发的感染
尺侧,腕
三分之一,处
舌骨,肌
静脉,支流结构
全,股
下颌,下
肥厚,性心肌病
心内膜,垫
受损,报废或损毁
霍乱,弧菌
还原,酶缺乏
下,巴
穿,支
氧化,酶缺乏
水,杨
上肢,骨
性,精神病
辅助,装置
工,业
特殊,筛查
学,检查
下,内象限
曲霉,病
整个第,趾
双,眼
常染色体显性,遗传
足,舟状骨
炎症,性
曲霉菌,引起的感染
折叠,术
大,细胞
滑膜,切除术
压,迹
足底,韧带
曲霉菌,导致的感染
肺静脉连接,异常
韧带,的
下颌,乳
场,所
内侧,核
桡侧,腕
诱导,的
副,伤寒
霉,菌性
引起的,新生儿
螺,原体
尿道,狭窄
恐怖性,障碍伴广场恐怖
恐怖,发作
性,癌
反,刍
整个第四,指
Ⅰ,期
絮,状
东,方
心室,间隔缺损
弛,缓
胎儿,动脉导管
伴急性,器官
的,临床所见
曲霉,菌性感染
鼻,翼
先天性,无
周围,炎
眼,病
血,细胞
胸,腺瘤
水平,异常
表浅异物不伴大开放性伤口但,有感染
型,肿瘤
外侧,支
卡,氏
原因,的
左,输卵管卵巢
知,觉
桡,腕关节
呼吸,性
尖,结构
躯干,部
瓣,周
和或,肌腱
海绵,窦
肾脏,疾病
镰刀,菌
食管,炎
空,洞
性,回避
整个第三,趾
超,敏
肺,水肿
胸腔,积液
股骨,近端
不,合
冠状动脉,瘘
左房室瓣,非二尖瓣形态
脉络膜,视网膜炎
车,或
原发性,高血压
第三,磨牙
血管,腔内成形术
企,图
折,返
咽,下
性心,力衰竭
谷,胱
甘,肽
支气管,肺
和,肺
整个,桡骨
外,用
奈瑟,菌
蜘,蛛
与,心境
浅,层
工,具
植入,式
宫腔,镜下
动脉,闭塞
血,糖
二期,梅毒
药,剂
黄,褐
轻,型
选择,性
胸椎,椎体
二,头肌
外侧,区
腋,静脉
堵,塞
变形,菌
整个,髂
升,结肠
巴尔通,体
外,源性
磷,脂
髋,骨
蚴,感染
经,喉
经喉,镜
肠系膜,静脉
第三,跖骨
同,性
未,成熟
区,良性肿瘤
口咽,后壁
小肠结肠炎,耶尔森
外伤性水疱,已感染
坐骨,结节
茨,海默
外伤性水疱,合并感染
肝,萎缩
跗,跖
脊髓中央,管
型,人格障碍
串,珠
第,颅神经
肾上腺,素
水,解酶缺乏
腹腔镜下,输卵管
支撑,喉镜下
股骨,髁
性骨,软骨
圆,韧带
遗传性,因子
骨,坏死
科,氏
前,脱位
酵母,菌
会阴,部
子宫,和
珊,瑚
整个,大趾
腹部下背,或骨盆
全,切除术
排,卵
夜,间
外伤性水疱,伴发感染
吸入,剂
徙,术
整个,十二指肠
脱,落
腹腔镜下,子宫
克,氏菌
头,肌肌腱
牙,冠
使用所致,障碍
肋,外
唾液,酸
机,器
胆,甾
其他特指的,先天性
性,血管炎
大,泡
鼻,后
局部,复发
非,风湿性
反,常
克,隆
整个第二,趾
阶,段
左侧,输卵管卵巢
腹股沟,斜
整个,阴道
锤,骨
孕,期
胸椎,横突
管,道
环状软骨,后区
度,烧伤
头影测量,中
心脏,起搏器
骨,病
浅,支
冠状,血管
前角,损伤
第,脑神经
近,节
第一,前磨牙
丙,酸杆菌
皮肤,或
褶,皱
钙化,性
神经节,苷脂
其他特指的,获得性
广场恐怖,性回避
肝,门
伯克,霍尔德
颌下,腺
外伤性水疱,并发感染
初,期
手术,所致
刺激,脉冲发生器
后,脱位
主动脉瓣,狭窄
神经根,病
嗜酸,粒细胞
粟,粒
亚利,桑
噬,菌
脱,水
寰枢,关节
和,肝
累及,皮肤
甲状旁腺,功能减退
原发性,腺癌
排,尿
细,粒
季,肋
疱疹,性
和,胸骨
谷胱,甘肽
内固定,装置去除术
异位,性
鞘氨醇,单胞菌
肌,瓣
预,防
耐,受
胞,内
拉,病毒
整个,下肢
后,纵韧带
普,罗
果,糖
用,做
用做,移植物
梗阻性,分娩
肥厚,型心肌病
中心,区
后,弓
戈,登
特,性
致,命
上皮内,瘤
区域,的
髓,鞘
女性,生殖器官
整个,小趾
血管,异常
传染性,单核细胞
卫,生
肥胖,症
尼,克
两,侧
右,冠脉
视神经,萎缩
头,颅
短,指
回,结构
和,手
病,人
喉,咙
植入物,或移植物
泌尿,系
梨状,隐窝
阿尔,茨海默
传染,性疾病
表,达
后,韧带
双,向
荧,光
血栓,静脉炎
运动,神经元
左冠状动脉,回旋支
顶,盖
椎间盘,纤维环
病损激光,烧灼术
中央,区
细胞,增多症
脂肪,栓塞
凝固,酶阴性
腕,区
呼吸,困难
核糖,核酸
肝,病
二尖瓣,关闭不全
青少年,型
摩,托
绿,色
后,上
接,受
既,往
扩张,器
闭合性,脱位
线虫,导致的感染
孤,独
多,瘤
头,面
急性,支气管炎
生物学行为,不定
吸虫,性感染
心肌,缺血
酶,不足
修,整
修整,术
疾病,相关的
心血管,系统
疝,补片修补术
先天性,狭窄
线头影测量,中
突,入
下,腹
调整,术
甲状腺,毒症
为主要,特征的
子宫,与
胃,食管
强直,性
完全,缓解期
牙本质,发育不全
腰,区
上肢,肌
暗,点
无,牙
急性,会厌炎
利,福
无,枝
整个,副
细胞,白血病
免疫,球蛋白
损伤,不伴
棘突,间肌
物,取出术
碎石,取石术
骨,性关节炎
胎,头
末,节指骨
良恶性,未确定
小,关节
新,生物
盘,尾
血栓,症
环,甲
带状疱疹,性
近,节趾骨
淋巴结,切除术
二,甲
酵母,属
注,入
娩,出
合,酶缺乏
厌,食
三角,区
滑,液
中性粒细胞,减少症
上,腭
铁,粒
丙,酸
游,走
亚利桑,那
整个,臀
胆汁,郁
肌腱,断裂
邻,近
局限,性骨
铜绿,假单胞菌
葡萄球菌,感染
菌,素
革兰,阴性
无,并发症
陷,凹
腹腔镜下,胃
气管支气管,淋巴结
绵,羊
肌,节
对,呼吸的
尖,段
终末,细支气管
全,胃
血,球
持,久性
整个,手部
喂,养
希,氏
影响,孕妇
缘,结构
刺激,性
胸,回旋肌
致,密
溶,血病
位于,前臂水平
抗,性
和,跖骨
放线,菌性
医,院
出,现
的,整个
流产失败,伴
克,里
须,疮
为,主
韦,尔
眼,或
附属,器
丢,失
闭锁,不全
优,势
龟头,炎
结,果
异常,起源
蛋白,缺乏
流,入
注意,力
胸,痛
八叠,球菌
代谢,病症
静,止
普,鲁
会厌,谷
毛癣菌,引发的
前,置
性,溃疡
恐惧,症
纤维软骨,环
假单胞,杆菌
远端,骨骺
舌,底
贝,尔
室管,膜
周围,皮肤
整个,迷走神经
线虫,引起的感染
颈髓,损伤
隐,匿
变形,杆菌
卡,他
绦,虫属感染
深,支
传染,性心内膜炎
伴,黄疸
碳水,化合物
花,叶
关节,强直
皮,支
耳,穴
整个,上臂
肉,孢子虫
斯,病毒
脊髓,白质
脚,踝
整个,骨盆
失,语
刮,宫术
牙本质,发育不良
对胎儿或新生儿,造成的影响
泪,小管
上肢,静脉
头臂,动脉
内侧,韧带
尖,部
胫,后动脉
未知或,未
通过胎盘或,乳汁
左冠状动脉,前降支
胸椎,下关节突
丙,型
毛细,管
麦,芽
肾,性
的,行为
开放性,分裂
胸锁乳突,肌
活动,性
单,个
埃,可
分,区
砧,骨
经,典型
过,量
西,亚
脊髓,后
部皮肤,和
对比,剂
假,声带
尺,侧副韧带
性肺,泡
楔形,骨
破裂,修补术
上皮,样
脑,出血
游,动
喙,突
左,乳房
发育不良,综合征
芳,香
防,护
左,输卵管
视网膜,色素
标,记
特,沙门菌
重度,抑郁发作
淋球菌,感染
整个,眶
右室,流出道
躁狂,发作
小,骨
咬,肌
跛,行
走,行
甲状腺,机能减退
区,不确定行为肿瘤
后角,损伤
包涵,体
性,关节病
开放性骨折,半脱位
整个,睾丸
子宫内膜,异位
泌尿道,感染
小,鼠
全,粗隆
隐,孢子虫
低,位
浸润性,导管癌
掌,跖
盆腔,感染
肺,病
以,上
双极,情感
树,胶
闭,经
联合,免疫缺陷
骨,半规管
微,波
品,行
鼻,出血
酰,辅酶
上,面
眼,睛
异,丙
颅缝,早闭
强迫,性
眼,肌
针,刺
下,疳
型,麻风
早,搏
前,交叉韧带
代谢,异常
功能,检查
肺炎,克雷伯
氏菌,感染
恶,化
外,踝
森,氏
苏,丹
专,用
的,特殊筛查
药,源性
性,晕厥
阴道,炎
人工,造口
黄色,肝萎缩
尔,斯
棘,阿米巴
寰,枢椎
男性,化
其他和,未特指的
兴奋,剂
损伤或伤害,的方式
整个,药指
循环,系统
对称,性
埃,及
远中,面
向,脱位
咖,啡
的,性
脊髓,性肌萎缩
爆,裂
甲,苯
髓质,坏死
旋,股
窦房,结
冠状动脉,和
胎,心
切除术,经腹腔镜
牙周,炎
细菌性,感染
交感,纤维
心,静脉
纯,合
静脉,分支结构
横突间,韧带
肋结节,关节部分
立,体
关节,滑膜
架桥,术
间隔,室
低镁,血症
放射性,粒子
觉,醒
胸椎,上关节突
整个,二尖瓣
电,切术
尿,失禁
内侧,支
原因,引起的
压缩,性骨折
肽,酶缺乏
布,罗
弹,簧
嗜冷,杆菌
切,齿
内固定,物取出术
三角,肌
前列腺,炎
杆菌,科
耳,屏
肌,部
表皮,样癌
呼吸系统,疾病
复发性,脱位
直,立
乳头状,癌
整个,颈椎
先天性,肺动脉瓣
生物学行为不定,的肿瘤
置入或,置换
噻,嗪
神经,鞘
气管,食管
肋,横突
支配,神经
点,状
不伴,抑制剂的
的,遗传性
整个,甲状腺
咽,下面
子宫,输卵管
股,四
处,皮肤
酯,酶
拇指,指骨
乳,动脉
丘脑,束
视,野
胎龄,儿
胸髓,损伤
耳,后
新生儿,淋病奈瑟
呼,肠
功能重建,伴肌
小腿,水平
隆,椎
铁粒,幼细胞
腹主动脉,瘤
未,分类
下,淋巴结
环,己
浆膜下,组织
大,阴唇
舌,面
斜,视
细粒,棘球
玉,米
脊柱,前
心,上型
影响,母体
充,血性
甲,亢
胸椎,弓根
科,装置
屈,肌肌腱
粘膜,结构
韧带,完全撕裂
肾脏,病
毛,壳
整个,腰骶
前列腺,外周区
距,舟
多,指
镇静,剂
淋巴,系统
损伤,伴
腺,炎
葡萄糖,磷酸
整个,结肠
四联,症
沃,尔
第三,楔骨
铁,锈
合并,急性
逸,搏
浓,度
囊,腺瘤
棘突,间韧带
的症状,体征或临床所见
德,拉
梨状,窝
感染,的
免疫,系统
显,像
肾,综合征
擦伤,挫伤
间,皮肤
斜角,肌
全,椎弓根
传染性,软疣
胸椎,关节突
内,眦
柱状,上皮
斜,颈
骨盆,区
后鼻孔,闭锁
离,子
小孢子,菌性
偏,斜
建筑,物
转移,术
过,早
宿,主
葡萄胎,妊娠
性腺,功能减退
身,份
飞,机
闭合性,复位术
多,毛
上腹部,疝
非,霍奇金淋巴瘤
手部,肌腱
脱位,劳损或扭伤
立体,定向
弹力,纤维
干,细胞
的,活
前房,角
性骨质,疏松
创伤性,半脱位
部分切除术,伴
变异,型
咽,支
膈,疝
组织胞浆,菌
梭状,芽孢杆菌
微,生物
区,心肌
多,关节炎
肝,胸膜瘘
距,跟
的一,氧化碳
微,观
拟,无枝
房,性
子宫,韧带
病损切除术,经腹腔镜
高血压,心脏病
克,沙门菌
主动脉窦,瘤
花,粉
胰,体部
老年,性
各,种
疱疹,病毒型
髓样,白血病
照,射
计,算
右,脚
整个第一,指
的,成骨不全症
带蒂,皮瓣
造瘘,术
酮,症
重症,肌无力
腕骨,和
盆,底
轮匝,肌
喉,室
左,颈总动脉
白,蛋白
激素,分泌
杂,合
措,施
或,更
大,的
部,皮下组织
咽,头
低,钙血症
多,动脉炎
里,希
机械性,并发症
胰,头部
母,婴
路,易
斯,塔
公,共
第一,乳磨牙
同,步
药物洗脱,支架置入术
依赖,性
十二指肠,球
主动脉,体
丁,酸
游走,性
高,温
胸,神经根
黄,瘤
颌,面
钩,虫
踝关节,和或
部分,缓解期
分娩期,间
二,氧化碳
球,虫病
出生,体重
欧,洲
腹腔开放性创伤,的
干,结构
尸,体
基,转移酶缺乏
黄,韧带
右心室,流出道
足,月
肺,右
背侧,面皮肤
脑,回
腋,前
里,德
肝,移植术
中,静脉
恒,切牙
其他特指的,新生儿
蜗,管
射,精
人,免疫缺陷
中央,损伤
白,蛉
遗传性,感觉
泌尿,生殖系统
交替,单胞菌
中,指骨
心内膜垫,缺损
整个,阴蒂
整个,内侧
垂体,腺
潜,在
低,度
大脑,动脉
穿,透
可,见
的,感染
皮质,激素
骨化,中心
暴,发性
中性粒细胞,减少
头臂,干
整个,脾
特,发
红,核
包,柔
交界,性
彻,斯特
青霉,烯
硬,脑膜
甲基,苯丙胺
并发于,妊娠分娩或产褥期
全,肺
巴斯德,菌
角化,病
小腿,水平的
回,盲
型,先天性
非,细菌性
出血,止血术
场,地
腱,结构
家族,史
丝,菌病
宫,缩
听,神经
内侧,皮下组织
保,留
成形术,伴
旁路,移植血管
房室,隔
惊恐,发作
过敏性,哮喘
幼虫,移行
盐,单胞菌
医,学
颈,胸
剑,突
腓骨,头
中,层
四,氢
及,其
硬膜下,间隙
超声,引导下
乳头,感染
变,病
焦,痂
级,别
二,三尖瓣
作为,陆地运输碰撞中受害者的对方
舞蹈,病
马,来
功能障碍,的
主动脉,旁
腓,动脉
纤维,变性
牙,髓
代谢,性酸中毒
糜,烂
重叠,性
感,音
希,瓦
性心,房
桡侧,指神经
不,稳
星形,细胞瘤
跗骨,和跖骨
先天性,二尖瓣
甘,露
泌尿,生殖
神经胶质,瘤
齿,窝
横纹,肌肉瘤
吸,引
伴,房室
干燥,症
外侧,动脉
直肠,膀胱
待,查
的,活组织检查
处,肿瘤
结核,分枝杆菌
弹簧,圈
β,地中海贫血
豆,状核
发育,迟滞
腕骨和,掌骨
吸,烟
病毒,所致
肉芽肿,病
新生儿,先天性
呼吸窘迫,综合征
左肺,上叶
脑室,内出血
开放性骨折,伴发
中,国
的,不
颈,外动脉
寄生,虫感染
嗜,碱
多种,特定的精神活性物质
药物,药剂
后,路法
根,部
脊柱,后凸
自主,神经系统
经,胸
食管,后
永,久性
火,鸡
青,年
不育,症
合成,卡西酮
尾,侧关节突
弓形,虫病
桡,侧副韧带
诱,发性
的,急性
内侧,副韧带
脆,弱
收缩,期
胆,脂
自体血管,搭桥术
机能,障碍
重叠,性病变
错,乱
前,韧带
撕裂,伴伤口污染
肋骨,和胸骨
尿,酸血症
顶,端
骨折切开复位,内固定术
横,断
蓝,色
味,觉
右,乳房
恒,牙
肝星状,撕裂伤
内,瘘
胃,溃疡
青霉菌,感染
硬膜外,间隙
航,空
心脏,疾病
骨骺,分离
粘,蛋白
溴,铵
整个,脐
升,支
肝,撕裂伤
胸腔镜下,肺
性脑,白质
无张力,修补术
孢子,虫病
镜检查,术
斯,菌
沙氏杆菌,Ⅱ
体,腔
尺侧,指神经
擦伤,合并感染
齿槽,窝
韦,氏
足,指
嘴,唇
关节,的
冠状动脉,旁路
手,背
皮下,囊
桡,尺骨
前,柱
足部,第趾
盆腔,器官
整个,外阴
手指,的
镇静催眠,或
镇静催眠或,抗焦虑
再,造术
导,联
赘生物,致
横,向
擦伤,并发感染
组织,学
确,诊
主动脉瓣,下狭窄
碳,青霉烯
痔,疮
部皮肤,结构
兴奋剂,包括
立克次,氏体
心,外膜
素,缺乏
尼,氏
阿米巴,病
小,隐静脉
寄生,虫病
首,次
多,杀
大疱性表皮松解,症
肋软骨,部
直肠阴道,隔
左,叶
整个,主动脉瓣
乳腺,癌
整个,心
冠状动脉,异常
颞,颌
大,小
克,鲁
构,成
乳头,体
异构,酶缺乏
止,点
肋软骨,区
披,衣
肺动脉瓣,狭窄
性,损伤
胎儿,水肿
腹,直肌
颊,沟
逆,行
传输,的
关节,或
鼻咽,前壁
旷,置术
后,交叉韧带
人,为
两,性
弓形,虫
霉,病
淋,菌性
肾小球,肾炎
破坏,性
后,缘
胰腺,内分泌
航,天
性,低血压
热,球菌
颅内,血管
扩张性心肌病,继发于
早产儿,视网膜病变
三,氯
未知或未,特定
长,头
亚,洲
部分切除伴,自体血管
成,形
紫,绀
伴急性,胆囊炎
移植,肾
病损切除术,经
十字,韧带
携带,者
评,定
拟无枝,酸菌
原发性,下咽
希瓦,氏菌
轻度,撕裂伤
背侧,面
口咽,原发性
肺,气肿
血管环,伴
严重,急性
软化,症
激,酶缺乏症
二,氏病
重叠,性恶性肿瘤
脆,性
乙型,病毒性肝炎
动脉,支
心脏,和
上颌,乳
酸,碱
家族性,高
脉络,膜炎
头,和颈部
状,况
甲基,丙二
功能性,单心室
镇痛,药
胶,状
肝,损伤
其他或,未特指部位的
细胞,增生
女性,生殖系统
血型,不合
上唇,上颌
骺,板
巨,人
小于,胎龄儿
马,蹄
化学,烟尘
伤,或
暗,色
斯,基
总,神经
顿,沙门菌
动脉韧带,异常起源于
姿,势
普雷沃,氏菌
已,知
为,肾透析
症,和
支持,结构
缝合术,Ⅰ期
肋骨,软骨部
骶,区
帕金森,综合征
型,肌营养不良
朗格汉斯,细胞组织细胞
骨盆,和
骶,韧带
主动脉,缩窄
上颌,左
青霉菌,引起的感染
发,绀
慢性痛风,石
缺血性,脑卒中
奥,斯
左,上腔静脉
胸椎,椎间隙
嗜血,菌
外侧,淋巴结
化脓性,中耳炎
病,原体
肩关节,脱位
固有,层
巨,细胞瘤
集,合
颅,侧关节突
武,器
弗,氏
肌肉,和肌腱损伤
覆,膜
二,磷酸
颈,区
整个,坐骨
抗,抑郁
精神病,特征
克,沙门氏菌
区皮肤,结构
跌,落
第一,跖趾关节
擦伤,和或挫伤
鼻,泪管
外,脱位
前,淋巴结
核,磁共振检查
斯,沙门氏菌
足,分支
整个,肾上腺
精,液
体,静脉
浓,缩
蛋白,缺陷
迟,钝
细菌,引起的
新生儿,播散性
脱,羧
舌,头
不,协调
物质,引起的
病,伴有
性肺,气肿
右,叶
的免疫,接种
的,需要
手术,中
曼,彻斯特
颈,外静脉
兴奋剂包括,苯丙胺
作为,损伤或伤害的方式
睾丸,鞘膜
鼻,软骨
上,淋巴结
胃,底
整个,股骨
非,手术
巴,赫
骨,肉瘤
的一,部分
擦伤,伴发感染
主动脉,狭窄
处,脓肿
肩,和
鳞状细胞,恶性肿瘤
沙门氏杆菌,Ⅱ
自体血管,旁路移植术
髂,窝
擦伤,已感染
血红蛋白,病
二,氏
外阴阴道,炎
肿瘤,性
评,分
滑膜,囊
催,乳
其他,部位的
泻,药
整个第,颈椎
总,胆管
糖,基
牙,源性
大,部
异,形
系统性,红斑狼疮
腋,尾
焦,磷酸
酸,性
脯,氨酸
己,糖
加,尔
哺乳,期
特,尔
大肠杆菌,性
蛛网膜下,隙
组织,肿瘤
缝,结构
瘀,斑
未知或未特定,精神活性物质
中,节趾骨
胬,肉
右,乳腺
间,断
咽,食管
乏,力
部分切除伴自体血管,置换术
牵引,术
古,霉素
的,良性肿瘤
腰椎,体
产生,的一氧化碳
节段,性
慢性,溃疡
咽,旁
指,肌腱
丘,系
低,钠血症
肺,纤维化
冈,上
及,或
周,炎
血管,受损
经尿道,输尿管
甲,沟
加,压
截,瘫
样,儿
胸,脊神经根
脊,索
关,于
神经,纤维瘤病
恶性,上皮肿瘤
实,体
足,癣
尖,端
定,位
输卵管,妊娠
尖,头
部分切除伴,吻合术
部分切除伴,人工血管置换术
输卵管,炎
感染,引起的
束,带
贮,积
整个,外
起,始
衣原体,感染
心,功能不全
原生,动物
性,病
和,阔韧带
钩,骨
杓状软骨,间襞
弓形,体病
单,次
原,性
肽,分泌
登,革
过,短
部,的
胃肠,液
的,置入
青霉菌,导致的感染
森,林
性肌,营养不良
喉,联合
代谢,病
髓,系
发育,畸形
品行,障碍
交通,事故
红斑,性
弓,结构
水,泥
菌,群
前,联合
型,人
不伴有,异物
黄色,瘤
源,于
腺,纤维瘤
性心,衰
神经节,结构
孢,菌属
足,关节
颊,部
风湿,热
其他,诊断性操作
副,流感病毒
腹股沟,管
左肺,下叶支气管
鳞,柱
产,色
家族性,淀粉样
脂肪,垫
伸,肌肌腱
肺动脉,闭锁
原,虫感染
产,品
左,乳
永,存
之间的,胸回旋肌
流,术
甲基,杆菌
浅表性,损伤
动过,缓
遗传性,疾病
全,段
栓子,去除术
药物,或
电凝,术
右,束支传导阻滞
间,日
交界,恶性
刚,果
骨软骨,炎
呼吸,器官
分,界
液,化
背侧,面皮下组织
勒,氏
希,特
希特,林
外侧,韧带
远侧,趾骨
矫,形
不伴开放性伤口的碎片伤,合并感染
舒张,期
蝶,鞍
松果,腺
衣原体,性
虹膜,睫状体
球,状
分,隔
贾,第
功能,低下
素,血症
的免疫接种,的需要
胸椎间,纤维环
潜伏,期
禽,流感
蛛网膜下腔,出血
平,台
证,实
造血,器官
脊柱,后侧
脊柱后侧,凸
神经,支配
腓,侧
慢性,外耳炎
肋结节非,关节部分
梗阻的,胆管结石
假单胞,菌性
伴,产后并发症
病毒性,心肌炎
菌,门
癔,症
的,体肺
趾,节
的,创伤性切断
建筑物,或
建筑物或,场地
检查,或
骶椎,椎体
关节,镜下
鼻,内
壶,腹部
危险,因素
中度,持续性哮喘
中毒性肝,病伴
乙,基
关节病,理
球形,红细胞
导致的,脑膜炎
肠系膜,上静脉
在武装冲突,中
中,止
骨软骨,瘤病
全,椎间韧带
糖基,化
蜡,样
瘘,切除术
颚,口
幼虫移行,症
副,交感纤维
性高,潮
肋骨,骨折
苯丙,酮
潴,留
股骨,远端
前庭,大
蜂窝,组织炎
胸椎,骨折
骨间,韧带
青霉,菌性感染
卡,波
腹,水
胸,区
脊椎,骨
血栓,切除术
咽鼓管,鼓室
整个,躯干
肋,间隙
脐,静脉
心,音
肾,周
滑,雪
跖,面
外侧,副韧带
侵,染
颅,窝
机器,人
后,方
陷,窝
但,无
远,距离
草,酸
上,外象限
童,年
和,足
鼻后,孔
万,古霉素
的,关节面
粉,尘
整个,足底
截,肢
触,觉
不伴开放性伤口的碎片伤,已感染
半,膜
发育不良,伴
宫内,避孕
布,里
发育不良,型
肝脏,轻度撕裂伤
整个,肱骨
枕,部
注射,或
肩,袖
分期,期
产生,的影响
与,阔韧带
粘膜,整体
骨折,骨术
外,肌
内,罗
胫骨,远端
肾上腺,髓质
瓣,下
计算,机
疖,肿
无症状,性
胎,胎
裂,体
格,拉
上睑,下垂
睑,内翻
欧,文
低,通气
内,痔
小,型
节,育
转移,恶性肿瘤
淋巴管,炎
智力,低下
双,心室
动脉,栓塞
泪囊炎,或
泪囊炎或,结膜炎
会厌,喉面
螺,菌属
外侧,皮下组织
中,三分之一
皮,瘤
切开,去除
袋,术
下,外象限
覆,盖
囊,状
整个胸,区
发,疹
下,三分之一
埃,里希
血管内,超声
经,济
浅,静脉炎
整个,脑
异常起源于,主动脉窦
性,肥胖
文,氏
亚,属
节,皮菌
肱骨,远端
第三,脑室
小,切口
移植,失败
腺,管
游离,移植术
布鲁,氏菌
单纯疱疹,病毒
颈,颈
语,音
肺炎,球菌性
菌,种
超,过
中,药
感染,后
初,级
易,激
乳糖,酶缺乏
南,极
主动脉,瘤
旋,前
胸椎,椎弓根
胸,大肌
耳,前
肝,病损
大,细胞淋巴瘤
结合,性
下,支
前,纵韧带
复合,性
低钾,血症
处,置
螺旋,器
支持,细胞
胎儿,和
分支杆菌,感染
指,伸肌腱
干,酪
足,分枝菌病
膀胱,颈
整个,胎盘
单纯疱疹,病毒感染
西,米
滴,虫病
肌肉骨骼,组织
排,异
影响孕妇,治疗的胎儿
尼,古
尼古,丁
枝,原体
导管内,乳头状
小,多角骨
处,皮下组织
内,生
氧,酶缺乏
死骨,切除术
整个,皮肤
黑,色
完,整
掌,面
局部切除术,或破坏术
前,纤维
后,表面
整个胸,廓
大,神经
产科,裂伤修补术
传染性单核细胞,增多症
泰勒,虫
假,交替单胞菌
羊膜,腔内
切取,术
的,疾病
而,引起的
关节,积液
旋,毛
急性,心肌梗塞
症状,的
细,菌属
复杂,撕裂伤
骨化中心,结构
无,脊髓损伤
下,肌
状,鱼鳞病
整个,肩胛
鼻,侧
流行性,感冒
手,肌腱
神经,刺激器
胸膜,壁层
屈曲,畸形
精神病性,特征
口,鼻
息肉,切除术
硬膜下,出血
闭,式
室,心
结膜炎,或
结膜炎或,泪囊炎
德,尔
潮,红
耐甲氧西林,金黄色葡萄球菌
非,面
伴产前,异常
左,脚
兴奋剂包括苯丙胺,甲基苯丙胺
兴奋剂包括苯丙胺甲基苯丙胺,或甲
兴奋剂包括苯丙胺甲基苯丙胺或甲,卡西酮
坏疽,及
兰,德
母,细胞性
合成,酶缺乏
趾,底
病,所致
胸椎,板
乙,肝
基底,支
噬菌,体
盆腔,腹膜
缺乏,引起的
整个,大腿
新生儿,葡萄球菌
充,填
穿刺,伤
嗜,铬
青,霉素
蝙,蝠
短,小
性,脱位
月骨,周围
橙,色
椎弓,结构
新生儿,马拉色
分枝杆菌,所致感染
脑膜,支
第,和
右肺,上叶支气管
混,乱
谷,氨酸
慢性胆囊炎,的
反,折
挥,发性
经,静脉
退,化
瓣膜,置换术
纤毛,虫
死骨,去除术
鼻咽,外侧壁
西,泮
上,内象限
澳,大
澳大,利亚
腕或手,水平
过,长
耳,垂
睡眠,觉醒
肝,尾
关节,的肌肉
心,下型
先兆,子痫
焦痂,切除
十二指肠,溃疡
腹股沟,浅
吸收,障碍
感觉,神经
幽门,螺杆菌
冲,击
石膏,样
连接,酶缺乏
微观,结构
大,量
核,素扫描
特,沙门氏菌
功能,不良
磷酸化,酶
平滑,肌瘤
败,血性
及,阔韧带
左,足
分娩,相关的
眼皮肤,白化病
脊髓,前动脉
阿,拉
磷酸,核糖
调整,或
脂,酶缺乏
左,乳腺
拮,抗
泪,道
蚓状,肌
胎儿,室上
胰腺,囊肿
肋间,神经
瘘管,切除术
桡骨,干
扑,动
肠,穿孔
胸,肋
复杂性,撕裂伤
恶性,黑色素瘤
性,肾病
性,脑膜炎
肌腱,下囊
感觉,异常
原,有
骨,关节
氯,胺
表面,结构
注意,缺陷
胃肠道,感染
永,久
生,产
超声,内镜下
放射,后
转运,障碍
性肝,病
骨间,背侧
大,网膜
右,卵巢
穿,通
小细胞,肺癌
代谢紊乱,未特指的
硬膜外,隙
性肺,疾病
中国,耳
造,袋术
咽头,炎
产后,期
超敏,反应
胶状,质
双,卵巢
皮肤松弛,症
单纯性,撕裂伤
乙,酯
其他,方面
半,腱
异常起源于,肺动脉
远节指骨,粗隆
形,菌
正常,的
轮,状病毒
重性,抑郁症
狂犬,病
眼,底
肺,囊
连,枷
假体,置入术
肩胛间,区
或更,多
耳蜗,管
肝,衰竭
主动脉窦,动脉瘤
第,足趾
摩,根
或,未特指的
皮,癣
黏,多糖
针,吸
环,咽
白喉,棒状杆菌
牙,科
监,督
形,骨折
马,类
波,氏
引起,并
阴茎,体
激,活
偏,瘫
失,认
经皮,冠状动脉
脑炎,病毒感染
球,孢子菌
所致,癣
冷冻,术
毛细管,扩张
沙门氏菌,属
性,骨盆
骶,段
修正术,含
沙眼衣原体,感染
外,层
终,板
肝脏星状,裂伤
鼻根点,至
嗜,中性
的,人
疤痕,切除
属,感染
韧带,开放式分裂
动静脉,内瘘
通,术
小,鱼际
造口,闭合术
硬化,剂
脊髓,前
和或,异位妊娠
颈动脉,体
整个,气管
格,纳
伴有,异物
下颌,左
拇指,的
下,外侧
智力障碍,综合征
高位,结扎术
丙种,球蛋白血症
甘油,三
维生素,缺乏症
棕,色
部分,离断
异常,所见
肌肉,萎缩
骨,膜
第二,乳磨牙
转移,酶缺乏症
尿,素
草,酸盐
右,上腔静脉
没,有
神经,纤维
微,血管
下颌中切牙,连线
特发,于
子宫内膜异位,症
内异物,去除
伯,格
颞,下
及,上臂
髂,外动脉
布,尼亚
相关,疾病
振,动
型,曼彻斯特
型曼彻斯特,生化
型曼彻斯特生化,亚型
女性生殖道,分泌液
先露,异常
胎,位
机械,并发症
甲,硫
易,感
垂体,腺瘤
开放性,复位术
右肺,中叶支气管
脊髓,小脑
皮,肌炎
息肉,病
背,部皮肤
内,踝
之,间
酰基,辅酶
视,盘
左肺,上叶支气管
扁桃体,柱
肋骨,头部
第三,脚趾
建筑物或场地,的一部分
配,方
腭,弓
慢性,疼痛
坏疽,与
整个,膝
蛋白,酶缺乏
心脏复律,器
男,子
眼,炎
眶,部
应力,性骨折
先天性,主动脉
照,护
血,块
轻,微
遗传性,非
耳聋,和
房室隔,缺损
基底,膜
放,疗
乙,胺
不明,确
腔,镜下
性骨,炎
乳糖,不耐症
轮,状
左,锁骨下动脉
肋骨,椎关节
所致,体癣
其他特指的,皮肤
鼻根点,到
瘤,胃
冲,动
脂肪,肉瘤
偏,盲
胸膜,腔
肋骨,软骨
排,出
嗜酸,细胞
任,何
尖,锐
获得性免疫缺陷综合征,相关
髌,前
软骨,肉瘤
冠状动脉,粥样硬化
浅表,区
放射性粒子,植入术
结节,状
变,位
距,腓
克,利
脓疱,性
交通,动脉
封,闭术
其他特指,部位
功能障碍的,感染性休克
牛,痘
唇,沟
继发,扩张型心肌病
小叶,间
抗感染,药
主动脉瓣,关闭不全
尿道,成形术
多,血管损伤
单纯,撕裂伤
第,趾骨
前,缘
近端,部分
出生,窒息
组织,结构
舌,管
刺,伤
不,均
股,总动脉
良性,型肿瘤
下,泌尿生殖道
移植物,的
注射或,输注
与左,位
前,间壁
曲霉,所致感染
调整或,管理
旁,区
炎症,性疾病
双胎,间
造口,导管
皮片,移植术
引起的,脑膜炎
体,育
肱,三头肌
z,0
交,换
树,脂
置管,术
包皮,系带
土,壤
皮肤,和或
腹,下
分裂情感,性障碍
清,除
水疱,合并感染
发,声
创伤性,关节病
冠状动脉,搭桥术
脚,气
囊,腺癌
肺,原发性
胸廓,内动脉
伴,精神病性症状
间质性肺,病
节育,器
早产儿,视网膜病
沼,泽
功能性单心室,相关
击,中
掌,关节面
胸,导管
心脏,血管
内,面
上皮内,肿瘤
的不,切开去除
呼吸,音
人工,流产
过敏,反应
双,输卵管
不,孕
骨,及
猩,红
内侧,动脉
上肢,血管
左,冠脉
糖,蛋白
软骨,结合
睑,外翻
磨损,和或
大,脚趾
部,原位癌
腰,椎间孔
清,洁
微,球菌
根,分叉
切除术,或破坏术
颅内,动脉
热,量
胎粪,性
量,表
断,发
复合,物
闭锁,伴
开放性创伤性,脱位
人工,骨
胰头,损伤
伴,抑制剂的
整个,外生殖器
不,正
电,灼
听,小骨
发,动
性,瘤
皮质,醇
轻度,肝脏撕裂伤
裂,殖
第一,趾
光,凝固
室,缺
痴呆,伴
十二指肠,炎
堡,沙门氏菌
氏菌,病
一,个
提,取
性,结核
跟,骰
性,黄疸
气,味
性,早熟
单,位
未,明
单核细胞,白血病
二,氯
酿,脓
咽,峡
错,误
腱索,断裂
依,法
依法,处置
肾,损害
类,鼻疽
耻骨,支
血小板减少,性紫癜
影响母体,治疗的胎儿
第四,五
穹,隆
蘑,菇
弥漫性,甲状腺肿
小孢子菌,引起的
整个,足趾
膜下,出血
泪,器
受,母体
低血,钙
间质,细胞瘤
胎儿和,新生儿
脑室,出血
产前,异常
青霉菌,引发的感染
的,先天性
喉,咽
奥,氏
肺,大静脉
髂,腰
对,掌
整个,尺骨
氏,艾美球虫
神经,束
前,移
绦虫,性感染
植,骨
其他特指的,急性
马,利
反,社会
其他特指的,非
输,液
尺,桡骨
姆,斯特
整个,肺动脉瓣
昆虫,痘病毒
再,附着
物质,的
紧,缩
法,洛
烧,灼
骨盆,和大腿
膈,神经
型,青光眼
粘多糖,贮积症
伴有,船只
连接,区
性肝,内
低,体重
高,度
心,源性
骨折开放性,复位术
右,锁骨下动脉
同性,恋
溶酶,体
镇静催眠或抗焦虑,药物
假,牙
关节,半脱位
乳突,炎
整个下,丘脑
石,油
经,人工造口
不,一致
脑,膜下
睡眠,相关
肝,性
肩胛骨,锁骨
大麻,素
大,拇趾
疾病,或
整,条
脑白质,营养不良
网状,青斑
前上,棘
水,管
蠕,动
下颌,右
浅表伤,伴感染
胰尾,损伤
慢性,呼吸
亮,氨酸
小叶,癌
大脑,后动脉
下肢,长骨
拉,姆
海,姆
中,胚层
醋,杆菌
疝,无张力修补术
粘膜,皮肤
性,发作
中止,妊娠
椎体间,连结
外周,神经
肉,碱
踝关节,或足
上,神经
产前,筛查
腺,病毒性
复发性,半脱位
性,肾
挥发性,吸入剂
的,肺
韧带的,脱位劳损或扭伤
左半,侧
肾,衰竭
整个,腰椎
诺,酮
咽,囊
内,陷
肋软骨,关节面
不,安
海绵,状
细胞,腺瘤
标,准
整个,胰
屈肌腱,和腱鞘
后,间隔
的,修复术
堡,沙门菌
蛔,虫病
外侧,部
硫,酸盐
口,疮
中心,腱
伴,心
沙门菌,属
翼状,胬肉
技,术
肝,脓肿
内耳,道
淋,病性
细菌性,关节炎
旋,后
股骨,干
骨间,肌
室,间
麦,格
下,斜肌
低,钙
常染色体隐性,遗传性
鼓室,腔
偶,发
颈总动脉间,主动脉弓
角膜,营养不良
普,利
扩,散
右位,主动脉弓
测,定
梭,菌性
腹腔镜下,肾
额,鼻
多,指趾
博,德
牛,肝
小孢子菌,导致的
性,侏儒
内分泌,疾病
孔,结构
未知,的肿瘤
肌腱,植入
类,风湿
甲状,舌骨
整个,脑桥
矢状,面
茶,碱
抽动,障碍
孢子,虫感染
结缔组织,皮下组织
结缔组织皮下组织,和其他
结缔组织皮下组织和其他,软组织
二,醇
鲍,氏
变态,反应
期,前
病,态
萨,斯
小,肌
钩,口
严重,的
颊,侧
已,娩出
拇指,指间关节
艾滋病,相关
乳房,重建术
下肢,肌
擦伤,烧伤
肺,的
甲沟,炎
通过,被
猩红,热
肝脏,疾病
韦,荣
能,症
酪,氨酸血症
射,血
血栓性,浅静脉炎
腹腔镜,卵巢
楔形,切除术
无名,静脉
诊断性,影像
前,表面
颅,面
汗,症
瘙痒,症
蓝巩膜,和
高血糖,症
针,治疗
吡,哆
腹膜后,腔
神经,刺激脉冲发生器
黑素,瘤
腹,肌
含,激光
含激光,冷冻
含激光冷冻,电灼
人工,二尖瓣
指骨,底
松,动
再,次
并,殖
股动脉,腘动脉
化,生
包,块
抗生素,耐药的
右肺,下叶支气管
或,可疑
样,变性
肠,病
表面,区
房室瓣,非二尖瓣
切除,性
委,内
委内,瑞
委内瑞,拉
髁,突
树胶,肿
小脑,皮质
宫内避孕,器
位于,腕或手水平的
道路,外
肺炎,球菌
盘,状
纤维,鞘
皮肤,皮下组织
心脏,再
燃,烧
急性,肺
胆汁郁,积
胆脂,瘤
获得性,异常
相关性,肺动脉高压
颈,椎间孔
整个右,冠状动脉
面颊,面
踝关节和或,足部
房,性心动过速
新生儿高,胆红素血症
反,向
趾,间
利,斯
安,非
他,明
整个,附睾
附睾,炎
对,耳轮
病损切除术,经鼻镜
胸骨,柄
非,波
克,拉
四,迭
四迭,体
肺静脉,高压
季,节
上颌,右
罗,斯
螺旋,板
胸椎,弓
矿,物质
上,三分之一
撕裂,伴发伤口污染
血管,扩张
房,颤
胆固醇,血症
西,尼
完全,型
婴儿,或
合法,终止妊娠
胸,神经
撕裂,合并伤口污染
手,关节
弗,朗
皱,纹
心包,液
小,单孢菌
性,糖尿病
剖宫产,术
上颌,第
颈,脊髓
引流,至
的,类型
咽,喉部
脾,动脉
后,路
和或,产褥期
牙槽,突
核苷,酸
撕裂,伴有伤口污染
锤,状
电,灼术
伴,内固定
下,尿路
不伴开放性伤口的碎片伤,并发感染
大脑,半球
支气管,扩张
胫,神经
主要,用于
硬,腭
支持,带
用,力
不伴开放性伤口的碎片伤,伴发感染
合并,并发症
一,种
鼓,窦
库,欣
臀,位
其他特指的,慢性
提取,物
肋骨,体部
单,室心
整个,主动脉
皮瓣,移植术
沙雷,菌
合成,大麻素
坏疽,和
的症状或,体征
不伴,内固定
后外侧,支
和,耳聋
无,形
光,滑
二,氢
尿道,瓣膜
素,性
触,痛
和,血栓形成
环,素
蹼,趾底
蹼趾底,神经
特,菌
肺,胸膜
丝,虫感染
负,荷
异,种
或,宫内
班,氏
孢子,丝菌病
罗,氏
冠状动脉,开口
回旋,套
人,体
分泌,物
纳,米
整个,牙
谱,系
药物性,或
设,施
通过胎盘,和或
胰体,损伤
芽孢杆菌,属
绿,脓
和,气管
萝,卜
疱,疮
二,叶
急性,感染性
肢,畸形
未分化,癌
与损伤或伤害有关的,心血管
与损伤或伤害有关的心血管,装置
塞,内
戊二,酸尿症
粘液,腺
下,行
肠,镜
生长,因子
腹膜,腔
心脏,杂音
眼球,震颤
骨,成形术
高,原
皮肤和皮下组织,结构
象,皮病
门静脉,系统
肌肉,恶性肿瘤
区域,皮下组织
整个,视网膜
共,生
排,除
内,脱位
许,兰
侵,犯
为主要特征的,综合征
外分泌,性
血,色病
非法,终止妊娠
病毒,致疾病
结合,球蛋白
小,角
卡,拉
丝虫,性
重度,持续性哮喘
性,心脏病
椎间,韧带结构
整个,脊椎
性肝,硬变
大,多角骨
髂,股
角膜,溃疡
遗忘,症
西,诺
装置,去除
后,综合征
粘,稠
肾小管,酸中毒
未,分娩
动,作
肱二,头肌肌腱
沙氏杆菌,属
腹腔镜,子宫
性,蛋白尿
切除术,单侧
括约肌,切开术
动脉,分支
主动脉,憩室
骨折,手法整复术
撕裂,并发伤口污染
粉碎,性骨折
脉络膜,新生血管
沙门杆菌,属
合法,流产
结肠,造口
心血管,疾病
基底,样
褶,皮肤
咽,后
前臂,水平的
精神,障碍伴
脊柱,闭合性
憩室,炎
多,内分泌腺
圆,线虫病
回,结肠
关节,融合术
肿物,切除术
分支杆菌,所致感染
盆,腔静脉
军团,杆菌
吗,啡
土拉,菌病
沙门杆菌,Ⅱ
早,衰
股,神经
染色体,异常
角,型青光眼
移行,带
相关性,糖尿病
不伴开放性伤口的碎片伤,伴感染
癌,根治术
火,器
大的,开放性伤口但
慢性,阻塞
股骨,粗隆
肌肉,或肌腱
莱姆,病
股四,头肌
肌,强直
脉络膜,视网膜
隐球菌,病
尿道,口
肩,区
衰,弱
足,第趾
急性,肝坏死
鳃,弓
以,外的
胸椎,椎板
中,下
性,心肌炎
整个左冠状动脉,回旋支
肝,细胞
胰头部,损伤
药物,对胎儿或新生儿的影响
无乳,链球菌
广场恐怖性回避,和
胸,内动脉
胰体部,损伤
肌腱,腱鞘
磨损和或,摩擦
磨损和或摩擦,烧伤
与,分娩
胆囊,和
肠,病毒性
脱,出
基,部
癌,症
脱,氨
舌,支
切,割
隔,离
右,束支
完全,离断
穴,位
被动,活动度
急性,胰腺炎
段,切除术
嵌,顿
进,食
结构,不良
肠,出血性
列,神经刺激脉冲发生器
硫胺,素
裂,头
大,汗腺
阴道,前壁
咀,嚼
袋,形
全,腱
虫,性感染
呼肠,孤
肉毒,杆菌
沙门氏杆菌,属
大便,失禁
四,根
涂片,检查
未知,的行为
未知的行为,肿瘤
造影,检查
整个,膈肌
双,球菌
胸骨,体
致,新生儿
肋间,后静脉
钴,胺
叶,间
高,尿酸血症
内镜下,胃
肋结节,关节部
背侧,表面皮下组织
下,直肌
髂,外
结节性,多动脉炎
农,药
吸入,性肺炎
氯胺,酮
腋,后
心脏再,同步
房室,连接
败,血病
菌,纲
人工,主动脉瓣
胆红素,结合
左,右
整个第七,颈椎
特,拉
人类免疫缺陷,病毒
咽峡,炎
外固定,装置去除术
水,生
肺,不张
子宫,右输卵管
肌肉,恶性瘤
妄想,障碍
内侧,肌
前列腺,移行区
附,加
穿刺,活检
鼓膜,前
骨,水泥
预防,性
卧,位
间,置术
宫内,生长
曲霉菌,病
整个,阴部
单纯,型
神经,源性
威,登
斯,病
桡,腕
掌侧,韧带
喉气管,支气管炎
潜伏,性
引起的,梗阻性分娩
膀胱,镜下
区皮下组织,结构
起源于,围生期
副交感神经,纤维
整个,腕
耻骨,上
全,面
肺,左
第三,四
扩,心病
上皮内瘤,变
弓,状韧带
Ⅰ,手术
头,畸形
奥,尔
不确定,性肿瘤
消,失
掌,指骨
敏感,试验
输血综合征,所致胎儿
体,侧
小孢子菌,引发的
酒精,中毒
环,扎术
假性,动脉瘤
副神经节,瘤
下颌,第
肌腱,结构
隐,股静脉
增殖,腺
毒,理
毒理,学检查
虹膜睫状体,炎
行为,不确定的
丙,烯
躁狂性,发作
骨髓,增生
阻滞,术
微,粒
硬,脑膜下
新生儿,短暂性
睫,毛
感染,导致的
奈瑟,氏球菌
外,观
布,雷
噬,细胞
的,确定
子宫,收缩
肋骨,下缘
颈动脉,狭窄
肝,纤维化
全,关节
闭合性脊柱,骨折伴
性骨软骨,炎
非,角化
咖啡,因
下,牙槽
或,三尖瓣
肝,包
女性,尿道
隐匿,性
缺乏,性疾病
脑,内
鞘,瘤
偏,肺
创伤性,破裂
关节病理,性脱位
转,化
眶,复合体
胆管,系统
输血综合征,致胎儿
孤独,症
型,偏头痛
西,伯
处,良性肿瘤
氯,铵
支架,取出术
性,支气管炎
胡,萝卜
横,切术
天,疱疮
流,量
皮,纹
分离,性神经
分离性神经,症状
接触,性
村,氏菌
泡,沫
脑,缺血
全层,皮肤
指,远端指间关节
栖热,菌
球,孢子
鞘,脂
主动脉,肺动脉
其他,骨
解,糖
塞内,加尔
部,损伤
氏杆菌,感染
裂,解酶缺乏
肋骨软骨,区
序列,征
三尖瓣,瓣膜
人,获得性免疫缺陷综合征相关
两,个
放射性粒子植入术,碘
鼻,道
节律,障碍
科,尔
脓疱,疮
医疗,保健
第,第
能,力
第,蹠骨
鼻咽,侧壁
神经内分泌,肿瘤
肾功能损害,引起的
手,和
纳,氏
间断,性
性骨,坏死
巨大,胎儿
中心,部
舌,交界区
无,胆甾
教,育
肩,带
性,别
相关,感染
建,造术
过,期
支,顶
瓣,下狭窄
无,水
紧张,症
维生素缺乏,伴
主动脉瓣,下
客,观
下,泌尿道
先天性,发育不良
动脉,结扎术
感音,神经性
整个,心脏
凝血,酶
氏,假单胞菌
内膜,切除术
整个,胚胎
染,性
桡骨,头
显微,镜下
增殖,体
足,母
裂,开
胎,内
急性,髓样白血病
内,酰胺
性,眩晕
会阴,直肠
掌,面皮下组织
肱骨,近端
器质性,精神障碍
耳鼻喉科,制剂
指骨,体
缘,皮肤
下颌,恒
全,厚
阻,力
阿片类,物质
整个,骶尾
甲状旁腺,机能减退
弹簧圈,栓塞术
细胞,块
细胞块,涂片
阴道,后壁
甲,醇
震,荡
的,耳
交感,神经节
碳,酸血症
基因,型
独,立
夹层,形成
播散,型
苍白,球
刻,板
肝,硬变
恩,病
伯,特
肋骨,角
髋或大腿,水平的
哈,特
隐,球
骨骼,肌结构
女性乳房,外上象限
颈,神经根
宫内,节育器
防护,措施
神经性,厌食
附睾,睾丸炎
新生儿,大肠埃希
第四,脑室
肠,状菌
寄生虫,检查
迟,发型
颏,点
异常起源于,右冠状动脉
伸肌腱,和腱鞘
舌骨,上
烟,酸
上,直肌
次全,切除术
促,肾上腺皮质
分,数
指,趾骨
型,痴呆
颅,腔
蔗,糖
胸,脊髓
威,尔
氏,窦
脊柱,炎
凝血因子,缺乏症
吲,哚
牙齿,槽
精,原
治疗,的
脊柱,区
上肢,浅静脉
同位,素扫描
骨折,未特指的
联合,结构
猝,死
咽,喉炎
性疾病,未特指的
跟,距
乳头状,鳞状细胞癌
含激光冷冻电灼,等
房室,束
分娩,过程中
蠕,虫病
新生儿,内分泌
细菌,涂片检查
乳头状,腺癌
鸟,氨酸
脂,褐
脂褐,质
脑,脊髓
间质,肿瘤
下颌,神经
葡萄糖,耐量
肿瘤,型
下,睑
白质,脑病
药物药剂,或
药物药剂或,生物制品
全,结肠
移植物,感染
连锁,的
主动脉,和
低,磷酸盐
硫,菌
解剖结构,改变
动脉瘤,切除伴
脊髓脊膜,膨出
强,硬
伴,脑积水
亚,科
走行,于
鸣,音
肌,间隙
未知是,道路
未知是道路,交通事故
道路外,非交通事故
孕,酮
功能重建伴肌,移位术
左,束支
性腺,机能减退
孢,囊菌
贝,氏
游,戏
单,发性
