subword,length
10,对胎儿或新生儿的影响
9,肠沙门氏菌肠道亚种
7,转移性恶性肿瘤
7,继发性恶性肿瘤
7,对胎儿或新生儿
7,原发性恶性肿瘤
6,胎儿或新生儿
6,对胎儿新生儿
5,鳞状细胞癌
5,面皮下组织
5,闭合性骨折
5,部分切除术
5,胎儿新生儿
5,肠沙门氏菌
5,病损切除术
5,生物学行为
5,活组织检查
5,沙门氏杆菌
5,损伤或伤害
5,性恶性肿瘤
5,引起的感染
5,开放性骨折
5,开放性伤口
5,导致的感染
5,其他特指的
5,不确定行为
4,鳞状细胞
4,静脉结构
4,间隔缺损
4,闭合骨折
4,血栓形成
4,葡萄球菌
4,营养不良
4,芽孢杆菌
4,良性肿瘤
4,腹腔镜下
4,肺动脉瓣
4,肠道亚种
4,经腹腔镜
4,神经系统
4,皮下组织
4,病毒感染
4,甲状旁腺
4,沙门氏菌
4,沙门杆菌
4,沙氏杆菌
4,未特指的
4,整个第三
4,指间关节
4,或新生儿
4,恶性肿瘤
4,发育异常
4,发育不良
4,发育不全
4,十二指肠
4,动脉结构
4,功能障碍
4,功能减退
4,分枝杆菌
4,冠状动脉
4,内固定术
4,免疫缺陷
4,假单胞菌
4,主动脉瓣
4,主动脉弓
3,高血压
3,髋关节
3,骨髓炎
3,风湿性
3,颈动脉
3,面皮肤
3,静脉炎
3,间关节
3,闭合性
3,链霉菌
3,链球菌
3,酶缺乏
3,部皮肤
3,遗传性
3,连接处
3,输尿管
3,输卵管
3,软组织
3,踝关节
3,视网膜
3,血清种
3,螺旋体
3,虫感染
3,获得性
3,节指骨
3,膝关节
3,腹腔镜
3,腹股沟
3,腔静脉
3,脑膜炎
3,肾上腺
3,肺静脉
3,肺动脉
3,肠系膜
3,肌肌腱
3,肉芽肿
3,置换术
3,置入术
3,缝合术
3,综合症
3,综合征
3,继发性
3,结膜炎
3,结合部
3,细菌性
3,细胞瘤
3,红细胞
3,糖尿病
3,移植物
3,移植术
3,神经节
3,神经根
3,相关的
3,相关性
3,的影响
3,的其他
3,病毒性
3,甲状腺
3,生物学
3,生殖器
3,状细胞
3,特指的
3,特发性
3,淋巴结
3,淋巴管
3,活组织
3,沙门菌
3,氏杆菌
3,椎间盘
3,椎间孔
3,染色体
3,松解术
3,未特指
3,有关的
3,新生儿
3,整个第
3,整个左
3,支气管
3,撕裂伤
3,损伤或
3,扁桃体
3,房室瓣
3,成形术
3,感染性
3,恶性瘤
3,性肿瘤
3,性疾病
3,性感染
3,心肌病
3,心肌梗
3,引起的
3,引流术
3,引发的
3,开放性
3,并发症
3,左心室
3,屈肌腱
3,导致的
3,家族性
3,完全性
3,子宫颈
3,多发性
3,外伤性
3,复发性
3,复位术
3,增多症
3,固定术
3,呼吸道
3,吻合术
3,右心室
3,取出术
3,去除术
3,原发性
3,原位癌
3,单胞菌
3,半脱位
3,动静脉
3,动脉瘤
3,前列腺
3,创伤性
3,切除术
3,切除伴
3,切开术
3,内镜下
3,内动脉
3,内分泌
3,关节面
3,关节突
3,关节病
3,关节炎
3,关节囊
3,先天性
3,修补术
3,伴感染
3,二尖瓣
3,乳头状
3,主动脉
3,不确定
3,下动脉
3,三尖瓣
2,鼻窦
2,鼻咽
2,黄色
2,黄疸
2,麻痹
2,高血
2,骨髓
2,骨骼
2,骨骺
2,骨盆
2,骨折
2,食管
2,风湿
2,颈部
2,颈椎
2,颅骨
2,颅内
2,韧带
2,面部
2,静脉
2,霉菌
2,障碍
2,除术
2,阻塞
2,阴道
2,阴茎
2,阴囊
2,间隙
2,间隔
2,间质
2,闭锁
2,闭塞
2,闭合
2,镜下
2,锁骨
2,重度
2,酒精
2,部分
2,部位
2,遗传
2,造影
2,造口
2,通过
2,连接
2,远端
2,近端
2,运输
2,运动
2,软骨
2,转移
2,躯干
2,跖骨
2,趾骨
2,足部
2,起源
2,贫血
2,象限
2,角膜
2,装置
2,衰竭
2,表面
2,表皮
2,行性
2,行为
2,血管
2,血症
2,血病
2,血清
2,血栓
2,血性
2,螺旋
2,蛋白
2,虫病
2,虫属
2,葡萄
2,营养
2,萎缩
2,菌病
2,菌性
2,菌属
2,获得
2,药物
2,芽孢
2,色素
2,良性
2,膜炎
2,膜下
2,膀胱
2,腺癌
2,腺瘤
2,腹部
2,腹膜
2,腹腔
2,腹壁
2,腱鞘
2,腰椎
2,腓骨
2,脱位
2,脓肿
2,脓毒
2,脑膜
2,脑炎
2,脑室
2,脊髓
2,脊椎
2,脊柱
2,脉络
2,脂肪
2,胸骨
2,胸部
2,胸膜
2,胸腔
2,胸椎
2,胰腺
2,胫骨
2,胎盘
2,胎儿
2,背侧
2,胆管
2,胆囊
2,肿瘤
2,肾上
2,肺炎
2,肱骨
2,肩胛
2,股骨
2,股沟
2,肠道
2,肝脏
2,肝炎
2,肛门
2,肌腱
2,肌肉
2,肋骨
2,肉芽
2,肉瘤
2,联合
2,置换
2,置入
2,网膜
2,缺陷
2,缺损
2,缺失
2,缺乏
2,综合
2,继发
2,结节
2,结膜
2,结肠
2,结石
2,结核
2,结构
2,结合
2,经皮
2,细菌
2,细胞
2,组织
2,纵隔
2,纤维
2,累及
2,紊乱
2,系膜
2,系统
2,糖尿
2,精神
2,粘膜
2,粘液
2,类型
2,筋膜
2,第四
2,第十
2,第六
2,第五
2,第二
2,第三
2,第一
2,穿刺
2,移植
2,神经
2,磷酸
2,磨牙
2,确定
2,硬化
2,破裂
2,睾丸
2,眼睑
2,相关
2,直肠
2,盆腔
2,皮质
2,皮肤
2,皮下
2,癣菌
2,痛风
2,症状
2,病毒
2,病损
2,病性
2,病变
2,疾病
2,疾患
2,疼痛
2,疱疹
2,畸形
2,男性
2,甲状
2,甲基
2,生长
2,生素
2,生物
2,生殖
2,生儿
2,瓣膜
2,球菌
2,狭窄
2,状态
2,特指
2,物质
2,牙槽
2,烧伤
2,激素
2,源性
2,溃疡
2,混合
2,淋巴
2,淀粉
2,消化
2,测量
2,浅表
2,流感
2,流产
2,活动
2,注射
2,泌尿
2,治疗
2,沙门
2,水肿
2,水疱
2,水平
2,氨酸
2,气管
2,氏菌
2,毛细
2,正常
2,横突
2,椎间
2,椎体
2,植入
2,检查
2,梗阻
2,梅毒
2,桡骨
2,栓塞
2,染色
2,松解
2,杆菌
2,术后
2,未定
2,有关
2,暂时
2,旁腺
2,整体
2,整个
2,放线
2,放射
2,支架
2,擦伤
2,操作
2,撕裂
2,接合
2,探查
2,掌骨
2,损害
2,损伤
2,指骨
2,持续
2,拇指
2,抑郁
2,扭伤
2,扩张
2,手部
2,手术
2,手指
2,扁桃
2,所致
2,房室
2,慢性
2,感觉
2,感染
2,恶性
2,性心
2,急性
2,念珠
2,心脏
2,心肌
2,心房
2,心室
2,心包
2,心内
2,影响
2,形术
2,形成
2,引起
2,引流
2,异物
2,异常
2,异位
2,开放
2,并发
2,左侧
2,局部
2,尿道
2,尿管
2,尺骨
2,尖瓣
2,小腿
2,小脑
2,小肠
2,导致
2,导管
2,家族
2,完全
2,孢子
2,子宫
2,婴儿
2,妊娠
2,女性
2,头部
2,失调
2,大腿
2,大脑
2,大肠
2,外阴
2,外耳
2,外侧
2,复位
2,增生
2,增多
2,基底
2,垂体
2,坏死
2,固定
2,围产
2,囊肿
2,器官
2,咽部
2,和或
2,呼吸
2,周围
2,合术
2,合并
2,右肺
2,右侧
2,口腔
2,口咽
2,变性
2,发育
2,发的
2,发性
2,发作
2,反应
2,双侧
2,去除
2,原体
2,原位
2,卵巢
2,单胞
2,单纯
2,十二
2,区域
2,化脓
2,动脉
2,功能
2,前臂
2,前庭
2,前列
2,切除
2,切牙
2,切断
2,切开
2,分裂
2,分泌
2,分枝
2,分支
2,分娩
2,出血
2,出术
2,减退
2,减少
2,冠状
2,内侧
2,其他
2,关节
2,免疫
2,先天
2,假体
2,修补
2,使用
2,伴有
2,伴发
2,伤性
2,伤害
2,伤口
2,传染
2,会阴
2,会厌
2,代谢
2,人类
2,人工
2,产后
2,产伤
2,交通
2,亚种
2,事件
2,乳腺
2,乳突
2,乳房
2,乳头
2,中隔
2,中毒
2,中枢
2,中心
2,中央
2,丘脑
2,不足
2,不良
2,不全
2,不伴
2,下颌
2,下肢
2,上颌
2,上臂
2,上肢
2,上皮
1,𧿹
1,淋
1,流
1,不
1,弄
1,勞
1,
1,龟
1,龛
1,龙
1,龋
1,龈
1,龄
1,齿
1,齐
1,鼾
1,鼽
1,鼻
1,鼹
1,鼷
1,鼬
1,鼩
1,鼠
1,鼓
1,鼎
1,黴
1,黧
1,默
1,黑
1,黏
1,黎
1,黍
1,黄
1,麻
1,麸
1,麴
1,麦
1,麝
1,麃
1,鹿
1,鹳
1,鹰
1,鹫
1,鹧
1,鹦
1,鹤
1,鹑
1,鹌
1,鹋
1,鹊
1,鹉
1,鹇
1,鹅
1,鸿
1,鸽
1,鸸
1,鸵
1,鸱
1,鸮
1,鸭
1,鸪
1,鸦
1,鸥
1,鸣
1,鸡
1,鸠
1,鸟
1,鶴
1,鳟
1,鳞
1,鳝
1,鳗
1,鳏
1,鳍
1,鳆
1,鳅
1,鳄
1,鳃
1,鳁
1,鲸
1,鲷
1,鲶
1,鲴
1,鲱
1,鲭
1,鲨
1,鲥
1,鲤
1,鲜
1,鲑
1,鲍
1,鲇
1,鲂
1,鲁
1,鱼
1,鰓
1,鮰
1,魔
1,魏
1,魇
1,魄
1,魂
1,鬼
1,鬣
1,鬓
1,鬃
1,髭
1,高
1,體
1,髓
1,髑
1,髎
1,髌
1,髋
1,髂
1,髁
1,髀
1,骼
1,骺
1,骶
1,骱
1,骰
1,骨
1,骤
1,骚
1,骗
1,骑
1,验
1,骇
1,骆
1,骂
1,驾
1,驽
1,驼
1,驻
1,驹
1,驶
1,驴
1,驳
1,驱
1,驰
1,驯
1,驮
1,驭
1,马
1,香
1,首
1,馏
1,馈
1,馆
1,馁
1,饿
1,饼
1,饶
1,饵
1,饲
1,饱
1,饰
1,饮
1,饭
1,饪
1,饥
1,餐
1,飲
1,食
1,飞
1,飘
1,风
1,颧
1,颥
1,颤
1,颠
1,颞
1,额
1,颜
1,颚
1,题
1,颗
1,颔
1,颓
1,频
1,颐
1,颏
1,颌
1,颊
1,颈
1,颇
1,领
1,颅
1,预
1,顿
1,顾
1,顽
1,须
1,顺
1,项
1,顷
1,顶
1,页
1,顀
1,韵
1,音
1,韩
1,韧
1,韦
1,鞭
1,鞣
1,鞘
1,鞍
1,鞋
1,靶
1,靴
1,靳
1,革
1,面
1,靡
1,靠
1,非
1,靛
1,静
1,青
1,霹
1,露
1,霰
1,霞
1,霜
1,霍
1,霉
1,震
1,需
1,雾
1,雷
1,零
1,雳
1,雪
1,雨
1,雕
1,雏
1,雍
1,雌
1,雉
1,雇
1,集
1,雅
1,雄
1,雁
1,雀
1,难
1,隶
1,隧
1,障
1,隙
1,隔
1,隐
1,随
1,隆
1,陷
1,陶
1,陵
1,陪
1,险
1,除
1,院
1,陡
1,陕
1,限
1,降
1,陌
1,陋
1,陈
1,陆
1,际
1,附
1,陀
1,阿
1,阻
1,阶
1,阵
1,阴
1,阳
1,防
1,阪
1,队
1,阜
1,阙
1,阔
1,阑
1,阎
1,阉
1,阈
1,阅
1,阀
1,闻
1,闹
1,闷
1,闵
1,间
1,闲
1,闰
1,问
1,闭
1,闪
1,门
1,长
1,镶
1,镰
1,镫
1,镜
1,镖
1,镓
1,镐
1,镍
1,镉
1,镇
1,镁
1,镀
1,锻
1,锹
1,锶
1,锲
1,锰
1,锯
1,键
1,锦
1,锥
1,锤
1,锡
1,锝
1,锚
1,错
1,锑
1,锐
1,锌
1,锋
1,锉
1,锈
1,锇
1,锆
1,锅
1,锂
1,锁
1,销
1,链
1,铺
1,铸
1,铷
1,银
1,铵
1,铲
1,铰
1,铯
1,铬
1,铡
1,铠
1,铝
1,铜
1,铒
1,铐
1,铍
1,铋
1,铊
1,铈
1,铆
1,铅
1,铃
1,铂
1,铁
1,钾
1,钽
1,钼
1,钻
1,钴
1,钳
1,钱
1,钯
1,钮
1,钬
1,钩
1,钦
1,钥
1,钢
1,钡
1,钠
1,钟
1,钝
1,钛
1,钙
1,钓
1,钒
1,钍
1,钉
1,针
1,钆
1,鏾
1,鎚
1,鍉
1,錩
1,鉴
1,鉧
1,鈷
1,釜
1,金
1,量
1,野
1,重
1,里
1,释
1,釉
1,采
1,醭
1,醣
1,醛
1,醚
1,醒
1,醑
1,醌
1,醋
1,醉
1,醇
1,酿
1,酸
1,酷
1,酶
1,酵
1,酱
1,酰
1,酯
1,酮
1,酬
1,酪
1,酩
1,酥
1,酣
1,酞
1,酚
1,酗
1,酒
1,酐
1,配
1,酊
1,鄂
1,都
1,郭
1,部
1,郝
1,郎
1,郊
1,郄
1,郁
1,邻
1,邹
1,邬
1,邪
1,邦
1,那
1,邓
1,避
1,遵
1,遮
1,遭
1,遥
1,遗
1,道
1,遏
1,遍
1,遇
1,遂
1,逾
1,逼
1,逻
1,逸
1,逮
1,逢
1,造
1,速
1,逝
1,通
1,逗
1,途
1,递
1,逐
1,透
1,逊
1,选
1,逆
1,逃
1,适
1,送
1,退
1,追
1,迹
1,迷
1,述
1,迭
1,迫
1,迪
1,迥
1,迟
1,连
1,违
1,远
1,进
1,这
1,还
1,返
1,近
1,运
1,迎
1,迈
1,过
1,迅
1,迂
1,迁
1,达
1,辽
1,边
1,辱
1,辫
1,辩
1,辨
1,辣
1,辛
1,输
1,辑
1,辐
1,辏
1,辉
1,辆
1,辅
1,辄
1,较
1,轿
1,载
1,轻
1,轴
1,软
1,轮
1,轭
1,转
1,轨
1,轧
1,车
1,躺
1,躯
1,身
1,躇
1,躁
1,蹼
1,蹻
1,蹬
1,蹦
1,蹠
1,蹒
1,蹊
1,蹈
1,蹇
1,蹄
1,踺
1,踵
1,踪
1,踩
1,踢
1,踝
1,踏
1,踌
1,踇
1,跷
1,跳
1,路
1,跪
1,跨
1,跤
1,跟
1,距
1,跛
1,跚
1,跗
1,跖
1,跑
1,跌
1,跆
1,跃
1,趾
1,趺
1,足
1,趣
1,趚
1,趋
1,越
1,超
1,起
1,走
1,赭
1,赫
1,赧
1,赤
1,赞
1,赛
1,赘
1,赖
1,赔
1,赏
1,赌
1,资
1,赁
1,贾
1,贼
1,贺
1,费
1,贸
1,贵
1,贴
1,贲
1,贯
1,贮
1,购
1,贬
1,贫
1,贪
1,贩
1,质
1,货
1,败
1,责
1,财
1,贡
1,负
1,贞
1,贝
1,貌
1,貂
1,豹
1,豫
1,豪
1,象
1,豚
1,豕
1,豌
1,豇
1,豆
1,谷
1,谵
1,谲
1,谱
1,谭
1,谬
1,谦
1,谢
1,谐
1,谎
1,谈
1,调
1,课
1,读
1,诺
1,诸
1,请
1,诵
1,说
1,诱
1,误
1,语
1,该
1,询
1,诡
1,诞
1,话
1,诚
1,诙
1,试
1,译
1,词
1,诊
1,诉
1,诈
1,识
1,评
1,证
1,诀
1,访
1,设
1,讼
1,论
1,许
1,讷
1,讲
1,记
1,讯
1,议
1,训
1,让
1,讨
1,认
1,订
1,计
1,警
1,誉
1,詹
1,言
1,触
1,解
1,角
1,觉
1,视
1,觅
1,规
1,观
1,见
1,覆
1,要
1,西
1,襻
1,襞
1,褶
1,褪
1,褥
1,褐
1,裹
1,裸
1,裴
1,裤
1,装
1,裂
1,裁
1,袭
1,被
1,袢
1,袜
1,袖
1,袍
1,袋
1,袈
1,衷
1,衲
1,衰
1,衬
1,衫
1,表
1,补
1,衣
1,衡
1,街
1,衔
1,衍
1,行
1,衅
1,衄
1,血
1,蠹
1,蠱
1,蠢
1,蠡
1,蠕
1,蠊
1,蟾
1,蟹
1,蟠
1,蟑
1,蟋
1,蟆
1,蟀
1,螺
1,螵
1,螯
1,螬
1,螫
1,螨
1,螟
1,融
1,螂
1,蝽
1,蝶
1,蝴
1,蝰
1,蝨
1,蝥
1,蝠
1,蝙
1,蝗
1,蝎
1,蝌
1,蝉
1,蝇
1,蜿
1,蜷
1,蜴
1,蜱
1,蜥
1,蜢
1,蜡
1,蜜
1,蜘
1,蜗
1,蜕
1,蜓
1,蜒
1,蜍
1,蜈
1,蜇
1,蜃
1,蜂
1,蜀
1,蛾
1,蛹
1,蛸
1,蛴
1,蛲
1,蛰
1,蛮
1,蛭
1,蛤
1,蛛
1,蛙
1,蛔
1,蛐
1,蛎
1,蛋
1,蛊
1,蛉
1,蛇
1,蛆
1,蛀
1,蚴
1,蚱
1,蚯
1,蚪
1,蚧
1,蚤
1,蚣
1,蚝
1,蚜
1,蚕
1,蚓
1,蚌
1,蚊
1,蚂
1,蚁
1,蚀
1,虾
1,虽
1,虻
1,虹
1,虱
1,虫
1,虚
1,虑
1,虐
1,虎
1,蘑
1,藻
1,藤
1,藜
1,藓
1,藏
1,薰
1,薯
1,薮
1,薛
1,薇
1,薄
1,蕾
1,蕴
1,蕨
1,蕊
1,蕉
1,蕈
1,蕃
1,蔽
1,蔻
1,蔷
1,蔬
1,蔫
1,蔡
1,蔚
1,蔗
1,蔓
1,蓿
1,蓬
1,蓟
1,蓝
1,蓖
1,蓑
1,蓄
1,蒿
1,蒽
1,蒸
1,蒲
1,蒜
1,蒙
1,蒂
1,葵
1,葱
1,葬
1,葫
1,董
1,葡
1,葛
1,葚
1,著
1,落
1,萼
1,萸
1,萨
1,萧
1,营
1,萤
1,萝
1,萜
1,萘
1,萎
1,萌
1,萄
1,萃
1,菲
1,菱
1,菪
1,菩
1,菠
1,菜
1,菖
1,菌
1,菊
1,菇
1,菁
1,莽
1,莼
1,获
1,莴
1,莲
1,莱
1,莰
1,莫
1,莨
1,莓
1,莎
1,莉
1,荷
1,药
1,荨
1,荧
1,荣
1,荡
1,荟
1,荜
1,荚
1,荒
1,荐
1,草
1,荆
1,茹
1,茸
1,茶
1,茵
1,茴
1,茱
1,茫
1,茨
1,茧
1,茜
1,茛
1,茚
1,茎
1,茋
1,茉
1,茅
1,茄
1,范
1,茂
1,茁
1,苹
1,苷
1,英
1,苯
1,苦
1,若
1,苣
1,苜
1,苛
1,苗
1,苔
1,苓
1,苏
1,苍
1,苋
1,苄
1,芽
1,芹
1,芸
1,芴
1,芳
1,花
1,芯
1,芮
1,芬
1,芫
1,芪
1,芦
1,芥
1,芡
1,芝
1,芜
1,芙
1,芘
1,芒
1,芋
1,节
1,艾
1,艺
1,艳
1,色
1,艰
1,良
1,艇
1,船
1,舶
1,般
1,航
1,舟
1,舞
1,舔
1,舒
1,舐
1,舍
1,舌
1,臼
1,致
1,至
1,臭
1,自
1,臑
1,臊
1,臆
1,臂
1,臁
1,臀
1,膻
1,膺
1,膳
1,膨
1,膦
1,膝
1,膜
1,膘
1,膑
1,膏
1,膊
1,膈
1,膂
1,膀
1,腿
1,腾
1,腺
1,腹
1,腱
1,腰
1,腮
1,腭
1,腧
1,腥
1,腙
1,腘
1,腕
1,腔
1,腓
1,腑
1,腐
1,腋
1,腊
1,腈
1,腆
1,脾
1,脸
1,脲
1,脱
1,脯
1,脢
1,脚
1,脘
1,脖
1,脓
1,脒
1,脑
1,脐
1,脏
1,脊
1,脉
1,脆
1,脂
1,能
1,胼
1,胺
1,胸
1,胶
1,胳
1,胱
1,胰
1,胯
1,胭
1,胬
1,胫
1,胨
1,胦
1,胥
1,胡
1,胞
1,胝
1,胜
1,胛
1,胚
1,胖
1,胎
1,胍
1,背
1,胆
1,胃
1,胂
1,胁
1,胀
1,肿
1,肾
1,肽
1,肼
1,肺
1,育
1,肱
1,肯
1,肪
1,肩
1,肥
1,肤
1,肢
1,股
1,肠
1,肟
1,肝
1,肛
1,肚
1,肘
1,肖
1,肓
1,肌
1,肋
1,肉
1,肆
1,肃
1,聪
1,聚
1,聘
1,联
1,聍
1,职
1,聋
1,聂
1,耽
1,耻
1,耶
1,耵
1,耳
1,耗
1,耕
1,耐
1,耍
1,而
1,者
1,考
1,老
1,耀
1,翼
1,翻
1,翳
1,翰
1,翮
1,翠
1,翘
1,翔
1,翎
1,翅
1,翁
1,羽
1,羰
1,羧
1,群
1,羟
1,羞
1,羚
1,羔
1,美
1,羊
1,罹
1,置
1,罪
1,罩
1,罗
1,罕
1,网
1,罐
1,罂
1,缺
1,缸
1,缰
1,缬
1,缪
1,缩
1,缠
1,缝
1,缚
1,缘
1,缗
1,编
1,缕
1,缔
1,缓
1,缆
1,缄
1,绿
1,绺
1,绷
1,绵
1,维
1,绳
1,续
1,绪
1,继
1,绦
1,绣
1,统
1,绞
1,绝
1,络
1,绛
1,给
1,绕
1,结
1,绒
1,绑
1,经
1,绍
1,绌
1,绉
1,终
1,织
1,细
1,组
1,练
1,绀
1,线
1,纽
1,纺
1,纹
1,纸
1,纷
1,纶
1,纵
1,纳
1,纲
1,纯
1,纬
1,纫
1,纪
1,级
1,约
1,纤
1,红
1,纡
1,纠
1,繸
1,繖
1,繁
1,綜
1,絮
1,累
1,紫
1,紧
1,索
1,素
1,系
1,糠
1,糜
1,糙
1,糖
1,糊
1,糅
1,精
1,粪
1,粥
1,粟
1,粞
1,粘
1,粗
1,粒
1,粉
1,籽
1,类
1,米
1,簿
1,簧
1,簇
1,篷
1,篱
1,篮
1,篓
1,箱
1,箭
1,管
1,箝
1,算
1,箕
1,简
1,签
1,筯
1,筛
1,策
1,答
1,筒
1,筑
1,筐
1,筋
1,等
1,笼
1,第
1,笨
1,符
1,笔
1,笑
1,笄
1,笃
1,竺
1,竹
1,端
1,竭
1,童
1,章
1,竞
1,站
1,竖
1,立
1,窿
1,窦
1,窥
1,窝
1,窘
1,窗
1,窖
1,窒
1,窑
1,窍
1,窄
1,窃
1,突
1,穿
1,空
1,穹
1,穷
1,究
1,穴
1,穗
1,穆
1,稽
1,稼
1,稻
1,稳
1,稠
1,稚
1,稗
1,稍
1,程
1,稀
1,秽
1,移
1,称
1,积
1,秩
1,秦
1,租
1,秘
1,秕
1,秒
1,科
1,种
1,秋
1,秉
1,秃
1,私
1,秀
1,禾
1,禽
1,离
1,福
1,禁
1,祸
1,神
1,祝
1,祛
1,祖
1,祐
1,社
1,礼
1,示
1,礁
1,磺
1,磷
1,磨
1,磂
1,磁
1,碾
1,碳
1,碲
1,碱
1,碰
1,碧
1,碟
1,碘
1,碗
1,碑
1,碎
1,碍
1,硼
1,硷
1,确
1,硬
1,硫
1,硝
1,硕
1,硒
1,硅
1,础
1,砾
1,砸
1,砷
1,破
1,砭
1,砧
1,砜
1,砖
1,研
1,砒
1,砍
1,砌
1,砂
1,码
1,矿
1,矾
1,矽
1,矶
1,石
1,矮
1,短
1,矫
1,矩
1,知
1,矢
1,矛
1,矇
1,瞻
1,瞳
1,瞬
1,瞒
1,瞌
1,瞆
1,睾
1,睫
1,睪
1,睥
1,督
1,睡
1,睛
1,睑
1,睁
1,着
1,眼
1,眶
1,眬
1,眩
1,眨
1,眦
1,眠
1,真
1,看
1,眉
1,省
1,盾
1,相
1,直
1,盲
1,盯
1,目
1,盥
1,盟
1,盛
1,盘
1,盗
1,盖
1,盔
1,盒
1,监
1,盐
1,盏
1,盎
1,益
1,盈
1,盆
1,盅
1,盂
1,皲
1,皱
1,皰
1,皮
1,皙
1,皇
1,的
1,皂
1,百
1,白
1,發
1,登
1,癸
1,癫
1,癣
1,癞
1,癜
1,癖
1,癔
1,癎
1,癌
1,癇
1,癃
1,瘿
1,瘾
1,瘸
1,瘵
1,瘴
1,瘰
1,瘭
1,瘫
1,瘪
1,瘩
1,瘦
1,瘤
1,瘢
1,瘠
1,瘟
1,瘙
1,瘘
1,瘕
1,瘊
1,瘈
1,瘀
1,痿
1,痹
1,痴
1,痱
1,痰
1,痫
1,痪
1,痨
1,痧
1,痤
1,痣
1,痢
1,痞
1,痛
1,痘
1,痕
1,痔
1,痓
1,痒
1,痊
1,痉
1,痈
1,症
1,病
1,痄
1,痃
1,痂
1,疾
1,疽
1,疼
1,疹
1,疳
1,疲
1,疱
1,疯
1,疮
1,疬
1,疫
1,疥
1,疤
1,疣
1,疡
1,疠
1,疟
1,疝
1,疚
1,疙
1,疗
1,疖
1,疔
1,疑
1,疏
1,疆
1,畸
1,畴
1,番
1,略
1,畜
1,留
1,畏
1,界
1,畅
1,甾
1,画
1,町
1,男
1,电
1,申
1,甲
1,由
1,田
1,用
1,生
1,甜
1,甙
1,甘
1,甄
1,瓷
1,瓶
1,瓮
1,瓦
1,瓤
1,瓣
1,瓜
1,璇
1,璃
1,瑰
1,瑟
1,瑞
1,瑜
1,瑚
1,琼
1,琶
1,琵
1,琴
1,琥
1,琐
1,琉
1,理
1,琅
1,球
1,班
1,珠
1,珐
1,珍
1,珊
1,珀
1,玻
1,现
1,环
1,玫
1,玩
1,玟
1,玛
1,玑
1,王
1,玉
1,率
1,獭
1,獗
1,猿
1,猴
1,献
1,猬
1,猫
1,猪
1,猩
1,猥
1,猝
1,猜
1,猛
1,猖
1,猕
1,猎
1,狼
1,狷
1,狳
1,狱
1,狮
1,狭
1,独
1,狡
1,狗
1,狒
1,狐
1,狍
1,狄
1,狂
1,狀
1,犹
1,状
1,犰
1,犯
1,犬
1,犊
1,犁
1,犀
1,牺
1,特
1,牵
1,牲
1,物
1,牧
1,牢
1,牡
1,牝
1,牛
1,牙
1,牖
1,版
1,片
1,父
1,爱
1,爬
1,爪
1,爆
1,燥
1,燕
1,燃
1,熨
1,熟
1,熔
1,熏
1,熊
1,煮
1,照
1,煤
1,煎
1,然
1,焰
1,焦
1,無
1,焚
1,焊
1,烹
1,烷
1,烯
1,热
1,烬
1,烫
1,烧
1,烦
1,烤
1,烟
1,烛
1,烙
1,烈
1,烃
1,烂
1,烁
1,炽
1,炼
1,点
1,炸
1,炳
1,炱
1,炮
1,炭
1,炔
1,炎
1,炊
1,炉
1,灿
1,灾
1,灼
1,灸
1,灶
1,灵
1,灰
1,灯
1,灭
1,火
1,灌
1,瀚
1,濒
1,濑
1,激
1,澳
1,澄
1,潴
1,潮
1,潜
1,潘
1,漱
1,漫
1,漩
1,漠
1,演
1,漓
1,漏
1,漆
1,漂
1,滴
1,滯
1,滩
1,滨
1,滥
1,滤
1,满
1,滞
1,滚
1,滕
1,滑
1,滋
1,溺
1,溶
1,溴
1,溯
1,溪
1,溢
1,溜
1,源
1,溃
1,湿
1,湾
1,湖
1,湄
1,游
1,渴
1,渲
1,港
1,温
1,渥
1,渣
1,渡
1,渠
1,減
1,渚
1,渗
1,渔
1,渐
1,渎
1,渍
1,渊
1,清
1,渃
1,添
1,淹
1,混
1,深
1,淫
1,淤
1,淡
1,淋
1,淆
1,淀
1,涵
1,液
1,涩
1,涨
1,润
1,涤
1,涡
1,涕
1,涎
1,涌
1,涉
1,消
1,涅
1,涂
1,浸
1,海
1,浴
1,浮
1,浪
1,浩
1,浦
1,浣
1,浚
1,浓
1,浑
1,济
1,测
1,浊
1,浆
1,浅
1,流
1,派
1,活
1,洲
1,洪
1,津
1,洞
1,洛
1,洗
1,洒
1,洋
1,洁
1,泽
1,泼
1,泻
1,泺
1,泵
1,泳
1,泰
1,泮
1,泪
1,注
1,泥
1,泣
1,波
1,泡
1,泛
1,泗
1,法
1,泔
1,泌
1,泊
1,泉
1,泄
1,沿
1,沼
1,治
1,油
1,沸
1,河
1,沮
1,沫
1,沥
1,没
1,沟
1,沙
1,沐
1,沌
1,沉
1,沃
1,汾
1,汽
1,汹
1,汶
1,汪
1,汤
1,污
1,池
1,江
1,汞
1,汝
1,汜
1,汗
1,汐
1,汉
1,汇
1,求
1,汁
1,汀
1,永
1,水
1,氰
1,氯
1,氮
1,氪
1,氩
1,氨
1,氧
1,氦
1,氢
1,氟
1,氛
1,氙
1,氖
1,气
1,民
1,氏
1,毯
1,毫
1,毡
1,毛
1,毗
1,毕
1,比
1,毒
1,每
1,母
1,毁
1,段
1,殴
1,殖
1,残
1,殊
1,死
1,歪
1,歧
1,武
1,步
1,正
1,止
1,歌
1,歇
1,欺
1,欲
1,欧
1,欣
1,欢
1,次
1,欠
1,檬
1,檫
1,檀
1,橼
1,橱
1,橡
1,機
1,橙
1,橘
1,橇
1,橄
1,樱
1,横
1,樨
1,模
1,樟
1,樊
1,槿
1,槽
1,槭
1,槟
1,槛
1,槌
1,榴
1,榨
1,榛
1,榔
1,榉
1,榈
1,榆
1,榄
1,概
1,楼
1,楝
1,楚
1,楔
1,楂
1,椿
1,椹
1,椰
1,椭
1,椒
1,椎
1,植
1,椋
1,椅
1,棱
1,森
1,棚
1,棘
1,棕
1,棓
1,棒
1,棍
1,棋
1,棉
1,检
1,梵
1,梳
1,械
1,梯
1,梭
1,梨
1,梧
1,梦
1,梢
1,梗
1,梅
1,梁
1,桶
1,桩
1,桨
1,桦
1,桥
1,桤
1,档
1,桡
1,桠
1,桔
1,桑
1,桐
1,桌
1,桉
1,案
1,框
1,桃
1,桂
1,格
1,根
1,核
1,样
1,株
1,校
1,栗
1,栖
1,栓
1,树
1,栏
1,栉
1,标
1,栅
1,柴
1,柳
1,柱
1,柯
1,查
1,柠
1,柜
1,柔
1,染
1,柑
1,某
1,柏
1,柄
1,枸
1,枷
1,架
1,枯
1,枭
1,枫
1,枪
1,枣
1,枢
1,枝
1,果
1,枚
1,林
1,枕
1,析
1,构
1,极
1,板
1,松
1,杼
1,杵
1,杰
1,杯
1,杭
1,杨
1,来
1,条
1,杠
1,束
1,杜
1,杖
1,杓
1,村
1,材
1,杏
1,李
1,杉
1,杈
1,杆
1,权
1,杂
1,杀
1,朽
1,机
1,朵
1,朴
1,朱
1,术
1,札
1,本
1,末
1,未
1,木
1,朦
1,期
1,朝
1,望
1,朗
1,服
1,朋
1,朊
1,有
1,月
1,最
1,替
1,曾
1,曼
1,曹
1,更
1,曳
1,曲
1,曱
1,曝
1,曙
1,暹
1,暴
1,暗
1,暖
1,暑
1,暂
1,晾
1,智
1,晶
1,晰
1,景
1,普
1,晨
1,晚
1,晕
1,晓
1,晒
1,晏
1,晋
1,晃
1,晁
1,显
1,昼
1,是
1,昭
1,春
1,星
1,昔
1,易
1,昏
1,明
1,昌
1,昆
1,昂
1,旺
1,旷
1,时
1,旱
1,早
1,旧
1,旦
1,日
1,既
1,无
1,旗
1,族
1,旋
1,旅
1,旁
1,施
1,於
1,方
1,新
1,斯
1,断
1,斧
1,斥
1,斡
1,斜
1,料
1,斗
1,斑
1,斐
1,斋
1,文
1,敷
1,整
1,数
1,敬
1,敦
1,散
1,敛
1,教
1,救
1,敏
1,敌
1,效
1,故
1,政
1,放
1,攻
1,改
1,收
1,支
1,攒
1,攀
1,擦
1,操
1,擀
1,撼
1,撮
1,播
1,撬
1,撤
1,撞
1,撕
1,撒
1,撑
1,撇
1,摺
1,摹
1,摸
1,摩
1,摧
1,摘
1,摔
1,摇
1,摆
1,摄
1,搽
1,携
1,搭
1,搬
1,搦
1,搜
1,搖
1,搔
1,搓
1,搐
1,搏
1,搅
1,援
1,揭
1,握
1,插
1,提
1,描
1,揉
1,掷
1,掴
1,措
1,掩
1,推
1,控
1,接
1,探
1,掘
1,排
1,掏
1,掌
1,授
1,捻
1,捷
1,据
1,换
1,捡
1,损
1,捕
1,捐
1,捏
1,捆
1,挽
1,振
1,挫
1,挪
1,挨
1,挥
1,挤
1,挡
1,挠
1,挞
1,挛
1,挖
1,挑
1,按
1,指
1,挂
1,持
1,拿
1,拼
1,拴
1,拳
1,拱
1,拮
1,括
1,择
1,拨
1,拥
1,拣
1,拢
1,拟
1,拜
1,招
1,拙
1,拘
1,拗
1,拖
1,拔
1,拓
1,拒
1,拐
1,拍
1,拌
1,拉
1,拇
1,拆
1,担
1,抽
1,抹
1,抵
1,抱
1,抬
1,披
1,报
1,护
1,抢
1,抠
1,抛
1,抚
1,折
1,抗
1,抖
1,投
1,抓
1,抑
1,把
1,技
1,承
1,找
1,批
1,扶
1,扳
1,扰
1,扯
1,扮
1,扭
1,扬
1,扫
1,扪
1,扩
1,执
1,扣
1,托
1,打
1,扒
1,扑
1,扎
1,才
1,手
1,扇
1,扃
1,扁
1,所
1,房
1,户
1,戴
1,戳
1,截
1,戟
1,战
1,或
1,戒
1,我
1,成
1,戏
1,戍
1,戌
1,戊
1,戈
1,懒
1,懈
1,憾
1,憩
1,憎
1,憋
1,慰
1,慧
1,慢
1,慕
1,慎
1,慌
1,慈
1,愿
1,愤
1,感
1,愚
1,意
1,愉
1,愈
1,惹
1,想
1,惰
1,惯
1,惫
1,惧
1,惠
1,惚
1,惕
1,惑
1,惊
1,情
1,悸
1,悲
1,悬
1,患
1,悟
1,悖
1,悉
1,恼
1,恻
1,恺
1,恶
1,恰
1,息
1,恩
1,恨
1,恤
1,恢
1,恙
1,恒
1,恐
1,恍
1,恋
1,总
1,怯
1,怪
1,怨
1,性
1,急
1,怠
1,思
1,怖
1,怕
1,怔
1,怒
1,态
1,怀
1,忿
1,忽
1,念
1,快
1,忧
1,忤
1,忡
1,忠
1,忘
1,志
1,忒
1,忍
1,忌
1,忆
1,必
1,心
1,德
1,徳
1,微
1,循
1,御
1,徙
1,徘
1,得
1,徒
1,徐
1,律
1,徊
1,很
1,待
1,径
1,征
1,往
1,彼
1,彻
1,影
1,彭
1,彩
1,彧
1,彦
1,形
1,录
1,当
1,归
1,强
1,弹
1,弱
1,弯
1,弩
1,弧
1,弦
1,弥
1,张
1,弟
1,弛
1,弗
1,引
1,弓
1,式
1,弄
1,弃
1,异
1,开
1,建
1,廷
1,延
1,廯
1,廓
1,廋
1,廊
1,廉
1,庸
1,康
1,庶
1,庳
1,庭
1,座
1,度
1,废
1,庞
1,府
1,庚
1,店
1,庖
1,底
1,应
1,库
1,序
1,床
1,庆
1,庄
1,广
1,幽
1,幼
1,幻
1,幸
1,并
1,年
1,平
1,干
1,幕
1,幌
1,幅
1,帽
1,常
1,帷
1,帮
1,席
1,带
1,帝
1,帚
1,帘
1,帖
1,帕
1,帐
1,希
1,师
1,帆
1,布
1,市
1,币
1,巾
1,巴
1,巳
1,已
1,己
1,巯
1,差
1,巩
1,巨
1,巧
1,左
1,工
1,巣
1,巢
1,巡
1,州
1,川
1,巅
1,嵴
1,嵛
1,嵌
1,崩
1,崖
1,崎
1,峻
1,峰
1,峡
1,岸
1,岳
1,岭
1,岬
1,岩
1,岛
1,岗
1,岔
1,岑
1,岐
1,岁
1,山
1,屬
1,履
1,屠
1,属
1,展
1,屑
1,屏
1,屎
1,屋
1,屈
1,居
1,层
1,屁
1,局
1,尿
1,尾
1,尽
1,尼
1,尻
1,尺
1,尸
1,就
1,尤
1,尚
1,尘
1,尖
1,尔
1,尓
1,少
1,小
1,尊
1,将
1,射
1,封
1,寿
1,导
1,寻
1,对
1,寸
1,寰
1,寨
1,寡
1,察
1,寝
1,寓
1,寒
1,寐
1,富
1,寇
1,密
1,寄
1,寂
1,宿
1,宾
1,宽
1,容
1,家
1,害
1,宰
1,宫
1,室
1,宣
1,客
1,实
1,宝
1,宜
1,定
1,宙
1,官
1,宗
1,宏
1,完
1,宋
1,安
1,守
1,宇
1,宅
1,它
1,宁
1,孵
1,孪
1,孩
1,学
1,孤
1,季
1,孢
1,孟
1,孝
1,孜
1,孙
1,存
1,字
1,孖
1,孕
1,孔
1,孓
1,孑
1,子
1,嫩
1,嫌
1,嫉
1,嫁
1,媾
1,媛
1,媒
1,婴
1,婪
1,婚
1,婆
1,娴
1,娱
1,娩
1,娠
1,娜
1,娇
1,娄
1,威
1,姿
1,姻
1,姬
1,姜
1,姚
1,姙
1,委
1,姑
1,姐
1,始
1,姆
1,妻
1,妹
1,妮
1,妨
1,妥
1,妖
1,妒
1,妊
1,妇
1,妆
1,妄
1,如
1,好
1,奸
1,奶
1,奴
1,女
1,奧
1,奥
1,奠
1,套
1,奔
1,契
1,奏
1,奎
1,奋
1,奈
1,奇
1,夺
1,夹
1,夸
1,夷
1,头
1,失
1,夫
1,太
1,天
1,大
1,够
1,夜
1,多
1,外
1,夏
1,复
1,备
1,处
1,壶
1,壳
1,声
1,壮
1,壬
1,士
1,壤
1,壕
1,壅
1,壁
1,墩
1,墨
1,墟
1,增
1,墙
1,墓
1,境
1,填
1,塞
1,塚
1,塘
1,塔
1,塑
1,塌
1,堵
1,堪
1,堤
1,堡
1,堕
1,堇
1,堆
1,堂
1,堀
1,基
1,培
1,域
1,城
1,埋
1,埃
1,垮
1,垫
1,垣
1,垢
1,垒
1,型
1,垃
1,垂
1,坳
1,坪
1,坦
1,坡
1,坠
1,坝
1,坚
1,块
1,坑
1,坐
1,坏
1,坎
1,坊
1,均
1,坂
1,址
1,圾
1,场
1,地
1,圭
1,在
1,圣
1,土
1,圈
1,圆
1,图
1,国
1,固
1,围
1,囱
1,困
1,园
1,囤
1,团
1,因
1,囟
1,回
1,四
1,囚
1,囊
1,嚼
1,嚏
1,噻
1,噬
1,噪
1,噩
1,器
1,噜
1,噎
1,噁
1,嘶
1,嘴
1,嘱
1,嘧
1,嘎
1,嘌
1,嘉
1,嘈
1,嗽
1,嗳
1,嗪
1,嗟
1,嗝
1,嗜
1,嗓
1,嗒
1,嗑
1,嗌
1,嗉
1,嗅
1,喹
1,喷
1,喱
1,喧
1,喜
1,喙
1,喘
1,喑
1,喋
1,喊
1,喉
1,喇
1,善
1,喃
1,喂
1,喀
1,啼
1,啸
1,啶
1,啰
1,啮
1,啦
1,啤
1,啡
1,啊
1,啉
1,商
1,啄
1,唾
1,唱
1,唯
1,售
1,唤
1,唑
1,唐
1,唇
1,哿
1,哽
1,哼
1,哺
1,哲
1,哮
1,哭
1,哨
1,哥
1,哚
1,哒
1,哑
1,响
1,哌
1,哈
1,哇
1,哆
1,品
1,哀
1,咿
1,咽
1,咸
1,咳
1,咯
1,咬
1,咪
1,咨
1,咝
1,咙
1,咖
1,咕
1,咒
1,和
1,咀
1,呿
1,命
1,呼
1,呻
1,呵
1,味
1,呲
1,呫
1,周
1,呤
1,呢
1,员
1,呕
1,呓
1,呋
1,告
1,呈
1,呆
1,呃
1,吾
1,吼
1,吻
1,吹
1,吸
1,吵
1,吴
1,吲
1,启
1,吮
1,听
1,含
1,吩
1,吨
1,吧
1,否
1,吡
1,吠
1,吟
1,吞
1,君
1,吗
1,吖
1,吕
1,吓
1,向
1,吐
1,后
1,名
1,同
1,吊
1,吉
1,合
1,各
1,吃
1,叹
1,司
1,号
1,叶
1,右
1,史
1,台
1,可
1,叮
1,叭
1,叫
1,只
1,叩
1,另
1,句
1,古
1,口
1,叠
1,叙
1,变
1,受
1,取
1,叔
1,发
1,反
1,双
1,友
1,及
1,叉
1,又
1,参
1,去
1,厨
1,厦
1,厥
1,厢
1,原
1,厚
1,厘
1,厕
1,厌
1,压
1,厉
1,历
1,厅
1,厄
1,厂
1,卷
1,卵
1,却
1,即
1,危
1,印
1,卯
1,卫
1,卧
1,卤
1,卢
1,卡
1,占
1,卟
1,卞
1,卜
1,博
1,南
1,卖
1,单
1,卓
1,卒
1,卑
1,协
1,华
1,半
1,午
1,升
1,千
1,十
1,匿
1,医
1,区
1,匹
1,匣
1,匠
1,匝
1,匙
1,北
1,化
1,匕
1,匐
1,匍
1,包
1,匀
1,勿
1,勾
1,勺
1,勤
1,勒
1,勉
1,勃
1,势
1,劳
1,劲
1,励
1,劫
1,努
1,助
1,动
1,劣
1,务
1,加
1,功
1,办
1,力
1,劈
1,割
1,副
1,剪
1,剩
1,剧
1,剥
1,剜
1,剖
1,剔
1,剑
1,前
1,剌
1,削
1,剃
1,剂
1,刻
1,刺
1,刹
1,刷
1,制
1,到
1,刮
1,别
1,利
1,刨
1,判
1,删
1,初
1,创
1,刚
1,则
1,列
1,划
1,刑
1,刍
1,刊
1,切
1,分
1,刃
1,刀
1,凿
1,函
1,击
1,出
1,凹
1,凸
1,凶
1,凳
1,凰
1,凯
1,凤
1,凡
1,几
1,凝
1,减
1,凌
1,凉
1,准
1,净
1,冼
1,冻
1,冷
1,冶
1,况
1,决
1,冲
1,冰
1,冯
1,冬
1,冥
1,冢
1,冠
1,农
1,军
1,写
1,冗
1,冕
1,冒
1,再
1,冈
1,内
1,兽
1,兼
1,养
1,兹
1,典
1,具
1,其
1,兵
1,兴
1,关
1,共
1,兰
1,六
1,公
1,八
1,全
1,內
1,入
1,兜
1,兔
1,兑
1,免
1,克
1,光
1,先
1,兆
1,充
1,兄
1,元
1,儿
1,儒
1,僻
1,僵
1,僧
1,像
1,催
1,储
1,傍
1,偿
1,偻
1,偷
1,偶
1,健
1,停
1,做
1,偏
1,假
1,倾
1,值
1,债
1,倩
1,倦
1,借
1,候
1,倔
1,倒
1,倍
1,俾
1,俱
1,俯
1,修
1,信
1,俞
1,保
1,俘
1,俗
1,俐
1,俊
1,俄
1,促
1,便
1,侵
1,侮
1,侧
1,侣
1,侠
1,依
1,供
1,侏
1,例
1,使
1,佳
1,佰
1,佩
1,佣
1,你
1,佝
1,作
1,佛
1,余
1,佗
1,何
1,体
1,佑
1,佐
1,住
1,低
1,位
1,但
1,伽
1,似
1,伸
1,伶
1,伴
1,估
1,伯
1,伪
1,伦
1,伤
1,传
1,伟
1,伞
1,会
1,伙
1,优
1,众
1,休
1,伐
1,伏
1,伎
1,伍
1,伊
1,企
1,仿
1,份
1,任
1,价
1,件
1,仲
1,仰
1,仪
1,以
1,令
1,代
1,仙
1,付
1,他
1,仔
1,仓
1,仑
1,从
1,仍
1,介
1,仇
1,仆
1,仅
1,仁
1,什
1,人
1,亵
1,亲
1,亮
1,亭
1,京
1,享
1,亨
1,产
1,亥
1,交
1,亢
1,亡
1,些
1,亚
1,井
1,五
1,互
1,云
1,亏
1,于
1,二
1,事
1,争
1,予
1,了
1,乳
1,乱
1,买
1,书
1,乡
1,习
1,也
1,九
1,乙
1,乘
1,乔
1,乓
1,乒
1,乐
1,乏
1,乎
1,乍
1,乌
1,之
1,义
1,久
1,乃
1,举
1,丽
1,主
1,为
1,丹
1,丸
1,临
1,串
1,丰
1,中
1,个
1,丧
1,严
1,两
1,丢
1,丝
1,东
1,丛
1,业
1,丙
1,丘
1,世
1,且
1,专
1,丑
1,与
1,不
1,下
1,上
1,三
1,万
1,七
1,丁
1,一
1,㼎
1,ⅱ
1,Ⅻ
1,Ⅺ
1,Ⅹ
1,Ⅸ
1,Ⅷ
1,Ⅶ
1,Ⅵ
1,Ⅴ
1,Ⅳ
1,Ⅲ
1,Ⅱ
1,Ⅰ
1,′
1,’
1,–
1,‐
1,ω
1,φ
1,σ
1,ξ
1,μ
1,λ
1,κ
1,θ
1,η
1,ζ
1,ε
1,δ
1,γ
1,β
1,α
1,Ω
1,Μ
1,Ι
1,Δ
1,Β
1,ü
1,ö
1,í
1,é
1,è
1,ä
1,z
1,w
1,u
1,t
1,s
1,r
1,q
1,p
1,o
1,n
1,l
1,i
1,h
1,g
1,e
1,d
1,c
1,a
1,Z
1,Y
1,X
1,V
1,U
1,T
1,S
1,R
1,Q
1,P
1,N
1,M
1,L
1,K
1,I
1,H
1,G
1,F
1,E
1,D
1,C
1,B
1,A
1,9
1,8
1,7
1,6
1,5
1,4
1,3
1,2
1,1
1,0
